source,model_variable,legacy_name,legacy_unit,status,md312_name,md312_uuid,md312_unit,candidates,note,reviewed_by
EcospoldTemplateIntermediaryExchanges.java,seeds_almond,"fruit tree seedling, for planting",unit,ok,"fruit tree seedling, for planting",8f817492-39ba-42a3-a710-5f85a1f26379,unit,,,
EcospoldTemplateIntermediaryExchanges.java,seeds_almond,planting tree,unit,ok,planting tree,0a2e68db-e3d3-406f-8347-9aab9793db55,unit,,,
EcospoldTemplateIntermediaryExchanges.java,seeds_almond,establishing orchard,unit,ok,establishing orchard,0b0ceb4f-24d2-4245-a155-925b136eb55c,unit,,,
EcospoldTemplateIntermediaryExchanges.java,seeds_apple,"fruit tree seedling, for planting",unit,ok,"fruit tree seedling, for planting",8f817492-39ba-42a3-a710-5f85a1f26379,unit,,,
EcospoldTemplateIntermediaryExchanges.java,seeds_apple,planting tree,unit,ok,planting tree,0a2e68db-e3d3-406f-8347-9aab9793db55,unit,,,
EcospoldTemplateIntermediaryExchanges.java,seeds_apple,establishing orchard,unit,ok,establishing orchard,0b0ceb4f-24d2-4245-a155-925b136eb55c,unit,,,
EcospoldTemplateIntermediaryExchanges.java,seeds_apricot,"fruit tree seedling, for planting",unit,ok,"fruit tree seedling, for planting",8f817492-39ba-42a3-a710-5f85a1f26379,unit,,,
EcospoldTemplateIntermediaryExchanges.java,seeds_apricot,planting tree,unit,ok,planting tree,0a2e68db-e3d3-406f-8347-9aab9793db55,unit,,,
EcospoldTemplateIntermediaryExchanges.java,seeds_apricot,establishing orchard,unit,ok,establishing orchard,0b0ceb4f-24d2-4245-a155-925b136eb55c,unit,,,
EcospoldTemplateIntermediaryExchanges.java,seeds_asparagus,"asparagus seedling, for planting",unit,ok,"asparagus seedling, for planting",5fc0dfd2-312f-4598-b23f-5b04adcda0eb,unit,,,
EcospoldTemplateIntermediaryExchanges.java,seeds_banana,"fruit tree seedling, for planting",unit,ok,"fruit tree seedling, for planting",8f817492-39ba-42a3-a710-5f85a1f26379,unit,,,
EcospoldTemplateIntermediaryExchanges.java,seeds_banana,planting tree,unit,ok,planting tree,0a2e68db-e3d3-406f-8347-9aab9793db55,unit,,,
EcospoldTemplateIntermediaryExchanges.java,seeds_banana,establishing orchard,unit,ok,establishing orchard,0b0ceb4f-24d2-4245-a155-925b136eb55c,unit,,,
EcospoldTemplateIntermediaryExchanges.java,seeds_bellpepper,"onion seedling, for planting",unit,ok,"onion seedling, for planting",95252e42-3fc2-4677-a4ee-9bc01a3b489c,unit,,,
EcospoldTemplateIntermediaryExchanges.java,seeds_blueberry,"fruit tree seedling, for planting",unit,ok,"fruit tree seedling, for planting",8f817492-39ba-42a3-a710-5f85a1f26379,unit,,,
EcospoldTemplateIntermediaryExchanges.java,seeds_blueberry,planting tree,unit,ok,planting tree,0a2e68db-e3d3-406f-8347-9aab9793db55,unit,,,
EcospoldTemplateIntermediaryExchanges.java,seeds_blueberry,establishing orchard,unit,ok,establishing orchard,0b0ceb4f-24d2-4245-a155-925b136eb55c,unit,,,
EcospoldTemplateIntermediaryExchanges.java,seeds_cabbage,"onion seedling, for planting",unit,ok,"onion seedling, for planting",95252e42-3fc2-4677-a4ee-9bc01a3b489c,unit,,,
EcospoldTemplateIntermediaryExchanges.java,seeds_carrot,"carrot seed, for sowing",kg,ok,"carrot seed, for sowing",ac10bf36-d24f-4486-a631-e4a4e7a90b05,kg,,,
EcospoldTemplateIntermediaryExchanges.java,seeds_cashew,"fruit tree seedling, for planting",unit,ok,"fruit tree seedling, for planting",8f817492-39ba-42a3-a710-5f85a1f26379,unit,,,
EcospoldTemplateIntermediaryExchanges.java,seeds_cashew,planting tree,unit,ok,planting tree,0a2e68db-e3d3-406f-8347-9aab9793db55,unit,,,
EcospoldTemplateIntermediaryExchanges.java,seeds_cashew,establishing orchard,unit,ok,establishing orchard,0b0ceb4f-24d2-4245-a155-925b136eb55c,unit,,,
EcospoldTemplateIntermediaryExchanges.java,seeds_cassava,"potato seed, at farm",kg,ok,"potato seed, at farm",213ec740-73fd-4e70-a086-ceb61e7405b2,kg,,,
EcospoldTemplateIntermediaryExchanges.java,seeds_castor_beans,"linseed seed, at farm",kg,ok,"linseed seed, at farm",8f9224c9-e27d-4426-aaea-6ecbe5d91059,kg,,,
EcospoldTemplateIntermediaryExchanges.java,seeds_chick_pea,"pea seed, for sowing",kg,ok,"pea seed, for sowing",fbf29074-ba90-49aa-9216-93c5dd3aba4e,kg,,,
EcospoldTemplateIntermediaryExchanges.java,seeds_chilli,"onion seedling, for planting",unit,ok,"onion seedling, for planting",95252e42-3fc2-4677-a4ee-9bc01a3b489c,unit,,,
EcospoldTemplateIntermediaryExchanges.java,seeds_cocoa,"fruit tree seedling, for planting",unit,ok,"fruit tree seedling, for planting",8f817492-39ba-42a3-a710-5f85a1f26379,unit,,,
EcospoldTemplateIntermediaryExchanges.java,seeds_cocoa,planting tree,unit,ok,planting tree,0a2e68db-e3d3-406f-8347-9aab9793db55,unit,,,
EcospoldTemplateIntermediaryExchanges.java,seeds_cocoa,establishing orchard,unit,ok,establishing orchard,0b0ceb4f-24d2-4245-a155-925b136eb55c,unit,,,
EcospoldTemplateIntermediaryExchanges.java,seeds_coconut,"fruit tree seedling, for planting",unit,ok,"fruit tree seedling, for planting",8f817492-39ba-42a3-a710-5f85a1f26379,unit,,,
EcospoldTemplateIntermediaryExchanges.java,seeds_coconut,planting tree,unit,ok,planting tree,0a2e68db-e3d3-406f-8347-9aab9793db55,unit,,,
EcospoldTemplateIntermediaryExchanges.java,seeds_coconut,establishing orchard,unit,ok,establishing orchard,0b0ceb4f-24d2-4245-a155-925b136eb55c,unit,,,
EcospoldTemplateIntermediaryExchanges.java,seeds_coffee,"fruit tree seedling, for planting",unit,ok,"fruit tree seedling, for planting",8f817492-39ba-42a3-a710-5f85a1f26379,unit,,,
EcospoldTemplateIntermediaryExchanges.java,seeds_coffee,planting tree,unit,ok,planting tree,0a2e68db-e3d3-406f-8347-9aab9793db55,unit,,,
EcospoldTemplateIntermediaryExchanges.java,seeds_coffee,establishing orchard,unit,ok,establishing orchard,0b0ceb4f-24d2-4245-a155-925b136eb55c,unit,,,
EcospoldTemplateIntermediaryExchanges.java,seeds_cotton,cotton seed,kg,proposed,"cottonseed, for sowing",ab68c6e3-3d78-4a91-aa33-b100e5fa0639,kg,,superseded by the seed mapping of Fix F6,
EcospoldTemplateIntermediaryExchanges.java,seeds_coriander,"linseed seed, at farm",kg,ok,"linseed seed, at farm",8f9224c9-e27d-4426-aaea-6ecbe5d91059,kg,,,
EcospoldTemplateIntermediaryExchanges.java,seeds_cranberry,"fruit tree seedling, for planting",unit,ok,"fruit tree seedling, for planting",8f817492-39ba-42a3-a710-5f85a1f26379,unit,,,
EcospoldTemplateIntermediaryExchanges.java,seeds_cranberry,planting tree,unit,ok,planting tree,0a2e68db-e3d3-406f-8347-9aab9793db55,unit,,,
EcospoldTemplateIntermediaryExchanges.java,seeds_cranberry,establishing orchard,unit,ok,establishing orchard,0b0ceb4f-24d2-4245-a155-925b136eb55c,unit,,,
EcospoldTemplateIntermediaryExchanges.java,seeds_eggplant,"onion seedling, for planting",unit,ok,"onion seedling, for planting",95252e42-3fc2-4677-a4ee-9bc01a3b489c,unit,,,
EcospoldTemplateIntermediaryExchanges.java,seeds_flax,"linseed seed, at farm",kg,ok,"linseed seed, at farm",8f9224c9-e27d-4426-aaea-6ecbe5d91059,kg,,,
EcospoldTemplateIntermediaryExchanges.java,seeds_ginger,"onion seedling, for planting",unit,ok,"onion seedling, for planting",95252e42-3fc2-4677-a4ee-9bc01a3b489c,unit,,,
EcospoldTemplateIntermediaryExchanges.java,seeds_grape,"fruit tree seedling, for planting",unit,ok,"fruit tree seedling, for planting",8f817492-39ba-42a3-a710-5f85a1f26379,unit,,,
EcospoldTemplateIntermediaryExchanges.java,seeds_grape,planting tree,unit,ok,planting tree,0a2e68db-e3d3-406f-8347-9aab9793db55,unit,,,
EcospoldTemplateIntermediaryExchanges.java,seeds_grape,establishing orchard,unit,ok,establishing orchard,0b0ceb4f-24d2-4245-a155-925b136eb55c,unit,,,
EcospoldTemplateIntermediaryExchanges.java,seeds_guar,"soybean seed, for sowing",kg,ok,"soybean seed, for sowing",d3debd6d-2e09-4291-accc-f2dfd748aee9,kg,,,
EcospoldTemplateIntermediaryExchanges.java,seeds_hemp,"linseed seed, at farm",kg,ok,"linseed seed, at farm",8f9224c9-e27d-4426-aaea-6ecbe5d91059,kg,,,
EcospoldTemplateIntermediaryExchanges.java,seeds_lemonlime,"fruit tree seedling, for planting",unit,ok,"fruit tree seedling, for planting",8f817492-39ba-42a3-a710-5f85a1f26379,unit,,,
EcospoldTemplateIntermediaryExchanges.java,seeds_lemonlime,planting tree,unit,ok,planting tree,0a2e68db-e3d3-406f-8347-9aab9793db55,unit,,,
EcospoldTemplateIntermediaryExchanges.java,seeds_lemonlime,establishing orchard,unit,ok,establishing orchard,0b0ceb4f-24d2-4245-a155-925b136eb55c,unit,,,
EcospoldTemplateIntermediaryExchanges.java,seeds_lentil,"peanut seed, for sowing",kg,ok,"peanut seed, for sowing",1b590204-1448-4659-964d-d80f577d460e,kg,,,
EcospoldTemplateIntermediaryExchanges.java,seeds_linseed,"linseed seed, at farm",kg,ok,"linseed seed, at farm",8f9224c9-e27d-4426-aaea-6ecbe5d91059,kg,,,
EcospoldTemplateIntermediaryExchanges.java,seeds_maizegrain,"maize seed, for sowing",kg,ok,"maize seed, for sowing",cff23b42-5fa8-471b-b6fb-8a2cca249ca8,kg,,,
EcospoldTemplateIntermediaryExchanges.java,seeds_mandarin,"fruit tree seedling, for planting",unit,ok,"fruit tree seedling, for planting",8f817492-39ba-42a3-a710-5f85a1f26379,unit,,,
EcospoldTemplateIntermediaryExchanges.java,seeds_mandarin,planting tree,unit,ok,planting tree,0a2e68db-e3d3-406f-8347-9aab9793db55,unit,,,
EcospoldTemplateIntermediaryExchanges.java,seeds_mandarin,establishing orchard,unit,ok,establishing orchard,0b0ceb4f-24d2-4245-a155-925b136eb55c,unit,,,
EcospoldTemplateIntermediaryExchanges.java,seeds_mango,"fruit tree seedling, for planting",unit,ok,"fruit tree seedling, for planting",8f817492-39ba-42a3-a710-5f85a1f26379,unit,,,
EcospoldTemplateIntermediaryExchanges.java,seeds_mango,planting tree,unit,ok,planting tree,0a2e68db-e3d3-406f-8347-9aab9793db55,unit,,,
EcospoldTemplateIntermediaryExchanges.java,seeds_mango,establishing orchard,unit,ok,establishing orchard,0b0ceb4f-24d2-4245-a155-925b136eb55c,unit,,,
EcospoldTemplateIntermediaryExchanges.java,seeds_mint,"mint seedling, for planting",unit,ok,"mint seedling, for planting",2bf774fd-4855-40e3-83f1-bbebd00557e2,unit,,,
EcospoldTemplateIntermediaryExchanges.java,seeds_mulberry,"fruit tree seedling, for planting",unit,ok,"fruit tree seedling, for planting",8f817492-39ba-42a3-a710-5f85a1f26379,unit,,,
EcospoldTemplateIntermediaryExchanges.java,seeds_mulberry,planting tree,unit,ok,planting tree,0a2e68db-e3d3-406f-8347-9aab9793db55,unit,,,
EcospoldTemplateIntermediaryExchanges.java,seeds_mulberry,establishing orchard,unit,ok,establishing orchard,0b0ceb4f-24d2-4245-a155-925b136eb55c,unit,,,
EcospoldTemplateIntermediaryExchanges.java,seeds_oat,"oat seed, for sowing",kg,ok,"oat seed, for sowing",41df1492-7d1a-46ae-b71b-b2d21793e27f,kg,,,
EcospoldTemplateIntermediaryExchanges.java,seeds_olive,"fruit tree seedling, for planting",unit,ok,"fruit tree seedling, for planting",8f817492-39ba-42a3-a710-5f85a1f26379,unit,,,
EcospoldTemplateIntermediaryExchanges.java,seeds_olive,planting tree,unit,ok,planting tree,0a2e68db-e3d3-406f-8347-9aab9793db55,unit,,,
EcospoldTemplateIntermediaryExchanges.java,seeds_olive,establishing orchard,unit,ok,establishing orchard,0b0ceb4f-24d2-4245-a155-925b136eb55c,unit,,,
EcospoldTemplateIntermediaryExchanges.java,seeds_onion,"onion seedling, for planting",unit,ok,"onion seedling, for planting",95252e42-3fc2-4677-a4ee-9bc01a3b489c,unit,,,
EcospoldTemplateIntermediaryExchanges.java,seeds_orange,"fruit tree seedling, for planting",unit,ok,"fruit tree seedling, for planting",8f817492-39ba-42a3-a710-5f85a1f26379,unit,,,
EcospoldTemplateIntermediaryExchanges.java,seeds_orange,planting tree,unit,ok,planting tree,0a2e68db-e3d3-406f-8347-9aab9793db55,unit,,,
EcospoldTemplateIntermediaryExchanges.java,seeds_orange,establishing orchard,unit,ok,establishing orchard,0b0ceb4f-24d2-4245-a155-925b136eb55c,unit,,,
EcospoldTemplateIntermediaryExchanges.java,seeds_palmtree,"fruit tree seedling, for planting",unit,ok,"fruit tree seedling, for planting",8f817492-39ba-42a3-a710-5f85a1f26379,unit,,,
EcospoldTemplateIntermediaryExchanges.java,seeds_palmtree,planting tree,unit,ok,planting tree,0a2e68db-e3d3-406f-8347-9aab9793db55,unit,,,
EcospoldTemplateIntermediaryExchanges.java,seeds_palmtree,establishing orchard,unit,ok,establishing orchard,0b0ceb4f-24d2-4245-a155-925b136eb55c,unit,,,
EcospoldTemplateIntermediaryExchanges.java,seeds_peach,"fruit tree seedling, for planting",unit,ok,"fruit tree seedling, for planting",8f817492-39ba-42a3-a710-5f85a1f26379,unit,,,
EcospoldTemplateIntermediaryExchanges.java,seeds_peach,planting tree,unit,ok,planting tree,0a2e68db-e3d3-406f-8347-9aab9793db55,unit,,,
EcospoldTemplateIntermediaryExchanges.java,seeds_peach,establishing orchard,unit,ok,establishing orchard,0b0ceb4f-24d2-4245-a155-925b136eb55c,unit,,,
EcospoldTemplateIntermediaryExchanges.java,seeds_peanut,"peanut seed, for sowing",kg,ok,"peanut seed, for sowing",1b590204-1448-4659-964d-d80f577d460e,kg,,,
EcospoldTemplateIntermediaryExchanges.java,seeds_pear,"fruit tree seedling, for planting",unit,ok,"fruit tree seedling, for planting",8f817492-39ba-42a3-a710-5f85a1f26379,unit,,,
EcospoldTemplateIntermediaryExchanges.java,seeds_pear,planting tree,unit,ok,planting tree,0a2e68db-e3d3-406f-8347-9aab9793db55,unit,,,
EcospoldTemplateIntermediaryExchanges.java,seeds_pear,establishing orchard,unit,ok,establishing orchard,0b0ceb4f-24d2-4245-a155-925b136eb55c,unit,,,
EcospoldTemplateIntermediaryExchanges.java,seeds_pearl_millet,"wheat seed, for sowing",kg,ok,"wheat seed, for sowing",b63145db-c34b-48c1-a0e8-85873b3b313c,kg,,,
EcospoldTemplateIntermediaryExchanges.java,seeds_pineapple,"fruit tree seedling, for planting",unit,ok,"fruit tree seedling, for planting",8f817492-39ba-42a3-a710-5f85a1f26379,unit,,,
EcospoldTemplateIntermediaryExchanges.java,seeds_pineapple,planting tree,unit,ok,planting tree,0a2e68db-e3d3-406f-8347-9aab9793db55,unit,,,
EcospoldTemplateIntermediaryExchanges.java,seeds_pineapple,establishing orchard,unit,ok,establishing orchard,0b0ceb4f-24d2-4245-a155-925b136eb55c,unit,,,
EcospoldTemplateIntermediaryExchanges.java,seeds_pomegranate,"fruit tree seedling, for planting",unit,ok,"fruit tree seedling, for planting",8f817492-39ba-42a3-a710-5f85a1f26379,unit,,,
EcospoldTemplateIntermediaryExchanges.java,seeds_pomegranate,planting tree,unit,ok,planting tree,0a2e68db-e3d3-406f-8347-9aab9793db55,unit,,,
EcospoldTemplateIntermediaryExchanges.java,seeds_pomegranate,establishing orchard,unit,ok,establishing orchard,0b0ceb4f-24d2-4245-a155-925b136eb55c,unit,,,
EcospoldTemplateIntermediaryExchanges.java,seeds_potato,"potato seed, at farm",kg,ok,"potato seed, at farm",213ec740-73fd-4e70-a086-ceb61e7405b2,kg,,,
EcospoldTemplateIntermediaryExchanges.java,seeds_rapeseed,"rape seed, for sowing",kg,ok,"rape seed, for sowing",7f28aedf-805b-4d2d-92e5-eb011b4f099e,kg,,,
EcospoldTemplateIntermediaryExchanges.java,seeds_raspberry,"strawberry seedling, for planting",unit,ok,"strawberry seedling, for planting",a9f48e9a-2cea-4ef5-9d8f-90e001b4ee09,unit,,,
EcospoldTemplateIntermediaryExchanges.java,seeds_rice,"rice seed, for sowing",kg,ok,"rice seed, for sowing",c1b67381-05bf-4bf0-a3a3-2b3289ac32e3,kg,,,
EcospoldTemplateIntermediaryExchanges.java,sesame_seed,"linseed seed, at farm",kg,ok,"linseed seed, at farm",8f9224c9-e27d-4426-aaea-6ecbe5d91059,kg,,,
EcospoldTemplateIntermediaryExchanges.java,seeds_soybean,"soybean seed, for sowing",kg,ok,"soybean seed, for sowing",d3debd6d-2e09-4291-accc-f2dfd748aee9,kg,,,
EcospoldTemplateIntermediaryExchanges.java,seeds_strawberry,"strawberry seedling, for planting",unit,ok,"strawberry seedling, for planting",a9f48e9a-2cea-4ef5-9d8f-90e001b4ee09,unit,,,
EcospoldTemplateIntermediaryExchanges.java,seeds_sugarbeet,"sugar beet seed, for sowing",kg,ok,"sugar beet seed, for sowing",af729e94-ad8b-4c25-859c-e2f6aba1de16,kg,,,
EcospoldTemplateIntermediaryExchanges.java,seeds_sugarcane,"fruit tree seedling, for planting",unit,ok,"fruit tree seedling, for planting",8f817492-39ba-42a3-a710-5f85a1f26379,unit,,,
EcospoldTemplateIntermediaryExchanges.java,seeds_sugarcane,planting tree,unit,ok,planting tree,0a2e68db-e3d3-406f-8347-9aab9793db55,unit,,,
EcospoldTemplateIntermediaryExchanges.java,seeds_sugarcane,establishing orchard,unit,ok,establishing orchard,0b0ceb4f-24d2-4245-a155-925b136eb55c,unit,,,
EcospoldTemplateIntermediaryExchanges.java,seeds_sunflower,"sunflower seed, for sowing",kg,ok,"sunflower seed, for sowing",b50f8fb8-4d3e-4790-a5be-6bd73e3ece4b,kg,,,
EcospoldTemplateIntermediaryExchanges.java,seeds_sweetcorn,"maize seed, for sowing",kg,ok,"maize seed, for sowing",cff23b42-5fa8-471b-b6fb-8a2cca249ca8,kg,,,
EcospoldTemplateIntermediaryExchanges.java,seeds_tea,"fruit tree seedling, for planting",unit,ok,"fruit tree seedling, for planting",8f817492-39ba-42a3-a710-5f85a1f26379,unit,,,
EcospoldTemplateIntermediaryExchanges.java,seeds_tea,planting tree,unit,ok,planting tree,0a2e68db-e3d3-406f-8347-9aab9793db55,unit,,,
EcospoldTemplateIntermediaryExchanges.java,seeds_tea,establishing orchard,unit,ok,establishing orchard,0b0ceb4f-24d2-4245-a155-925b136eb55c,unit,,,
EcospoldTemplateIntermediaryExchanges.java,seeds_tomato,"tomato seedling, for planting",unit,ok,"tomato seedling, for planting",aecd9597-ca42-49be-b98b-97ab87058f50,unit,,,
EcospoldTemplateIntermediaryExchanges.java,seeds_turmeric,"potato seed, at farm",kg,ok,"potato seed, at farm",213ec740-73fd-4e70-a086-ceb61e7405b2,kg,,,
EcospoldTemplateIntermediaryExchanges.java,seeds_wheat,"wheat seed, for sowing",kg,ok,"wheat seed, for sowing",b63145db-c34b-48c1-a0e8-85873b3b313c,kg,,,
EcospoldTemplateIntermediaryExchanges.java,water_use_total,irrigation,m3,ok,irrigation,3f5f5aef-3833-43d4-8b81-44123105afd7,m3,,,
EcospoldTemplateIntermediaryExchanges.java,fert_n_ammonium_nitrate,"ammonium nitrate, as N",kg,decision,,,,"inorganic nitrogen fertiliser, as N | ammonium nitrate",generic as N (same basis) or product in kg (needs N content),
EcospoldTemplateIntermediaryExchanges.java,fert_n_urea,"urea, as N",kg,decision,,,,"inorganic nitrogen fertiliser, as N | urea",generic as N (same basis) or product in kg (needs N content),
EcospoldTemplateIntermediaryExchanges.java,fert_n_ureaAN,"nitrogen fertiliser, as N",kg,proposed,"inorganic nitrogen fertiliser, as N",f5707bdf-f7e2-479b-b3ea-99c04de8a927,kg,,"generic mineral N fertiliser, same basis (kg N)",
EcospoldTemplateIntermediaryExchanges.java,fert_n_mono_ammonium_phosphate,"nitrogen fertiliser, as N",kg,proposed,"inorganic nitrogen fertiliser, as N",f5707bdf-f7e2-479b-b3ea-99c04de8a927,kg,,"generic mineral N fertiliser, same basis (kg N)",
EcospoldTemplateIntermediaryExchanges.java,fert_n_di_ammonium_phosphate,"nitrogen fertiliser, as N",kg,proposed,"inorganic nitrogen fertiliser, as N",f5707bdf-f7e2-479b-b3ea-99c04de8a927,kg,,"generic mineral N fertiliser, same basis (kg N)",
EcospoldTemplateIntermediaryExchanges.java,fert_n_an_phosphate,"nitrogen fertiliser, as N",kg,proposed,"inorganic nitrogen fertiliser, as N",f5707bdf-f7e2-479b-b3ea-99c04de8a927,kg,,"generic mineral N fertiliser, same basis (kg N)",
EcospoldTemplateIntermediaryExchanges.java,fert_n_lime_ammonium_nitrate,"nitrogen fertiliser, as N",kg,proposed,"inorganic nitrogen fertiliser, as N",f5707bdf-f7e2-479b-b3ea-99c04de8a927,kg,,"generic mineral N fertiliser, same basis (kg N)",
EcospoldTemplateIntermediaryExchanges.java,fert_n_ammonium_sulphate,"ammonium sulfate, as N",kg,decision,,,,"inorganic nitrogen fertiliser, as N | ammonium sulfate",generic as N (same basis) or product in kg (needs N content),
EcospoldTemplateIntermediaryExchanges.java,fert_n_potassium_nitrate,"nitrogen fertiliser, as N",kg,proposed,"inorganic nitrogen fertiliser, as N",f5707bdf-f7e2-479b-b3ea-99c04de8a927,kg,,"generic mineral N fertiliser, same basis (kg N)",
EcospoldTemplateIntermediaryExchanges.java,fert_n_ammonia_liquid_as_nh3,"ammonia, liquid",kg,proposed,"ammonia, anhydrous, liquid",06b8d05b-e1e6-427b-929c-bb55e84e7c08,kg,,"same product, amount already in kg NH3",
EcospoldTemplateIntermediaryExchanges.java,fert_p_triple_superphosphate,"phosphate fertiliser, as P2O5",kg,proposed,"inorganic phosphorus fertiliser, as P2O5",5321a299-0c03-4bfc-9dda-d020456f6b2e,kg,,"generic mineral P fertiliser, same basis (kg P2O5)",
EcospoldTemplateIntermediaryExchanges.java,fert_p_superphosphate,"phosphate fertiliser, as P2O5",kg,proposed,"inorganic phosphorus fertiliser, as P2O5",5321a299-0c03-4bfc-9dda-d020456f6b2e,kg,,"generic mineral P fertiliser, same basis (kg P2O5)",
EcospoldTemplateIntermediaryExchanges.java,fert_p_mono_ammonium_phosphate,"phosphate fertiliser, as P2O5",kg,proposed,"inorganic phosphorus fertiliser, as P2O5",5321a299-0c03-4bfc-9dda-d020456f6b2e,kg,,"generic mineral P fertiliser, same basis (kg P2O5)",
EcospoldTemplateIntermediaryExchanges.java,fert_p_di_ammonium_phosphate,"phosphate fertiliser, as P2O5",kg,proposed,"inorganic phosphorus fertiliser, as P2O5",5321a299-0c03-4bfc-9dda-d020456f6b2e,kg,,"generic mineral P fertiliser, same basis (kg P2O5)",
EcospoldTemplateIntermediaryExchanges.java,fert_p_an_phosphate,"phosphate fertiliser, as P2O5",kg,proposed,"inorganic phosphorus fertiliser, as P2O5",5321a299-0c03-4bfc-9dda-d020456f6b2e,kg,,"generic mineral P fertiliser, same basis (kg P2O5)",
EcospoldTemplateIntermediaryExchanges.java,fert_p_hypophosphate_raw_phosphate,"phosphate rock, as P2O5, beneficiated, dry",kg,decision,,,,"phosphate rock, beneficiated | inorganic phosphorus fertiliser, as P2O5",product in kg (needs P2O5 content) or generic as P2O5,
EcospoldTemplateIntermediaryExchanges.java,fert_p_ground_basic_slag,"phosphate fertiliser, as P2O5",kg,proposed,"inorganic phosphorus fertiliser, as P2O5",5321a299-0c03-4bfc-9dda-d020456f6b2e,kg,,"generic mineral P fertiliser, same basis (kg P2O5)",
EcospoldTemplateIntermediaryExchanges.java,fert_k_potassium_salt,"potassium chloride, as K2O",kg,decision,,,,"inorganic potassium fertiliser, as K2O | potassium chloride",generic as K2O (same basis) or product in kg (needs K2O content),
EcospoldTemplateIntermediaryExchanges.java,fert_k_potassium_sulphate,"potassium sulfate, as K2O",kg,decision,,,,"inorganic potassium fertiliser, as K2O | potassium sulfate",generic as K2O (same basis) or product in kg (needs K2O content),
EcospoldTemplateIntermediaryExchanges.java,fert_k_potassium_nitrate,"potassium fertiliser, as K2O",kg,proposed,"inorganic potassium fertiliser, as K2O",7c4dafff-fe18-45c0-92e4-857950032abb,kg,,"generic mineral K fertiliser, same basis (kg K2O)",
EcospoldTemplateIntermediaryExchanges.java,fert_k_patent_potassium,"potassium chloride, as K2O",kg,decision,,,,"inorganic potassium fertiliser, as K2O | potassium chloride",generic as K2O (same basis) or product in kg (needs K2O content),
EcospoldTemplateIntermediaryExchanges.java,magnesium_from_fertilizer_as_mgso4,magnesium sulfate,kg,ok,magnesium sulfate,0b9fafd6-2b18-4ec6-a155-26ce0685cffc,kg,,,
EcospoldTemplateIntermediaryExchanges.java,magnesium_from_fertilizer_as_dolomite,dolomite,kg,ok,dolomite,8e2a9448-685b-4687-910a-77418454f259,kg,,,
EcospoldTemplateIntermediaryExchanges.java,fert_ca_limestone_as_limestone,lime,kg,decision,,,,"limestone, milled, packed | limestone, milled, loose | limestone, crushed, washed | limestone, from algae",'lime' no longer exists; the model amount is kg CaCO3 (seaweed lime: Ca(OH)2),
EcospoldTemplateIntermediaryExchanges.java,fert_ca_carbonation_limestone_as_limestone,lime,kg,decision,,,,"limestone, milled, packed | limestone, milled, loose | limestone, crushed, washed | limestone, from algae",'lime' no longer exists; the model amount is kg CaCO3 (seaweed lime: Ca(OH)2),
EcospoldTemplateIntermediaryExchanges.java,fert_ca_seaweed_limestone_as_seaweed_lime,lime,kg,decision,,,,"limestone, milled, packed | limestone, milled, loose | limestone, crushed, washed | limestone, from algae",'lime' no longer exists; the model amount is kg CaCO3 (seaweed lime: Ca(OH)2),
EcospoldTemplateIntermediaryExchanges.java,fert_zn_zinc_sulfate_as_zincsulfate,zinc monosulfate,kg,ok,zinc monosulfate,9a7b015b-d091-4408-bbc1-6df501d550c9,kg,,,
EcospoldTemplateIntermediaryExchanges.java,fert_zn_zinc_oxide_as_zincoxide,zinc oxide,kg,ok,zinc oxide,77ad34b3-7b53-412e-afbb-0536fb8d5c6a,kg,,,
EcospoldTemplateIntermediaryExchanges.java,fert_zn_other_as_zincsulfate,zinc monosulfate,kg,ok,zinc monosulfate,9a7b015b-d091-4408-bbc1-6df501d550c9,kg,,,
EcospoldTemplateIntermediaryExchanges.java,fert_other_kaolin,kaolin,kg,ok,kaolin,593c0a1c-d1ba-4e22-b456-6d2f5d2962e4,kg,,,
EcospoldTemplateIntermediaryExchanges.java,fert_other_manganese_sulfate,manganese sulfate,kg,ok,manganese sulfate,773ddd01-c21c-416a-b314-e7af97aa0abd,kg,,,
EcospoldTemplateIntermediaryExchanges.java,fert_other_gypsum,"gypsum, mineral",kg,ok,"gypsum, mineral",dd0cbafd-b176-4ba4-860a-25a2e0663d14,kg,,,
EcospoldTemplateIntermediaryExchanges.java,fert_other_sulfite,sulfite,kg,ok,sulfite,d489bb71-b54d-4bbe-8bce-15aa0d1bc608,kg,,,
EcospoldTemplateIntermediaryExchanges.java,fert_other_portafer,portafer,kg,ok,portafer,ebac5860-dbf9-4748-9563-6e21ace5f14a,kg,,,
EcospoldTemplateIntermediaryExchanges.java,fert_other_borax,"borax, anhydrous, powder",kg,ok,"borax, anhydrous, powder",6a0bd6ed-8952-4f65-9117-b864669b9235,kg,,,
EcospoldTemplateIntermediaryExchanges.java,liquid_manure_cattle,"manure, liquid, cattle",kg,ok,"manure, liquid, cattle",ad551fe0-84c5-471a-9acf-b7d2204fdb65,kg,,,
EcospoldTemplateIntermediaryExchanges.java,liquid_manure_pig,"manure, liquid, swine",kg,ok,"manure, liquid, swine",6c50f204-1e98-422e-b20c-70088087f505,kg,,,
EcospoldTemplateIntermediaryExchanges.java,liquid_manure_laying_hen,"poultry manure, fresh",kg,ok,"poultry manure, fresh",4aeb622f-8675-4449-889b-bca8bbb3d44a,kg,,,
EcospoldTemplateIntermediaryExchanges.java,liquid_manure_other,"manure, liquid, cattle",kg,ok,"manure, liquid, cattle",ad551fe0-84c5-471a-9acf-b7d2204fdb65,kg,,,
EcospoldTemplateIntermediaryExchanges.java,solid_manure_cattle,"manure, solid, cattle",kg,ok,"manure, solid, cattle",ed56bc72-4186-40ab-a961-b8c0b49b64c8,kg,,,
EcospoldTemplateIntermediaryExchanges.java,solid_manure_pig,"manure, liquid, swine",kg,ok,"manure, liquid, swine",6c50f204-1e98-422e-b20c-70088087f505,kg,,,
EcospoldTemplateIntermediaryExchanges.java,solid_manure_sheep_goat,"manure, solid, cattle",kg,ok,"manure, solid, cattle",ed56bc72-4186-40ab-a961-b8c0b49b64c8,kg,,,
EcospoldTemplateIntermediaryExchanges.java,solid_manure_laying_hen,"poultry manure, dried",kg,ok,"poultry manure, dried",e0d21df5-c3c7-4421-9861-5fb9a614b576,kg,,,
EcospoldTemplateIntermediaryExchanges.java,solid_manure_horses,"manure, solid, cattle",kg,ok,"manure, solid, cattle",ed56bc72-4186-40ab-a961-b8c0b49b64c8,kg,,,
EcospoldTemplateIntermediaryExchanges.java,solid_manure_other,"manure, solid, cattle",kg,ok,"manure, solid, cattle",ed56bc72-4186-40ab-a961-b8c0b49b64c8,kg,,,
EcospoldTemplateIntermediaryExchanges.java,composttype_compost,compost,kg,ok,compost,f43c95e7-40e6-4ba9-9ab1-d1bc10d3fa79,kg,,,
EcospoldTemplateIntermediaryExchanges.java,composttype_vinasse,"vinasse, from fermentation of sugar beet",kg,ok,"vinasse, from fermentation of sugar beet",16f96475-57f7-4c90-b96a-e0a81f9bfdbe,kg,,,
EcospoldTemplateIntermediaryExchanges.java,composttype_dried_poultry_manure,"poultry manure, dried",kg,ok,"poultry manure, dried",e0d21df5-c3c7-4421-9861-5fb9a614b576,kg,,,
EcospoldTemplateIntermediaryExchanges.java,composttype_stone_meal,stone meal,kg,ok,stone meal,1c2b2eb7-cdc9-4375-9fee-feb975ba4f64,kg,,,
EcospoldTemplateIntermediaryExchanges.java,composttype_horn_meal,horn meal,kg,ok,horn meal,08c64e0a-dbf8-47a7-86dc-c281f357e9cd,kg,,,
EcospoldTemplateIntermediaryExchanges.java,composttype_horn_shavings_fine,horn meal,kg,ok,horn meal,08c64e0a-dbf8-47a7-86dc-c281f357e9cd,kg,,,
EcospoldTemplateIntermediaryExchanges.java,remains_machinery_diesel,"diesel, burned in agricultural machinery",MJ,ok,"diesel, burned in agricultural machinery",fecdf330-8660-4362-adde-ab5ea197ab1d,MJ,,,
EcospoldTemplateIntermediaryExchanges.java,plantprotection_spraying,"application of plant protection product, by field sprayer",ha,ok,"application of plant protection product, by field sprayer",7225e2a6-7fd6-40e2-b341-f097b027d119,ha,,,
EcospoldTemplateIntermediaryExchanges.java,plantprotection_flaming,"heat, central or small-scale, natural gas",MJ,ok,"heat, central or small-scale, natural gas",b3c58f5d-5815-487c-8b9c-4366e00d22dc,MJ,,,
EcospoldTemplateIntermediaryExchanges.java,plantprotection_other,"diesel, burned in agricultural machinery",MJ,ok,"diesel, burned in agricultural machinery",fecdf330-8660-4362-adde-ab5ea197ab1d,MJ,,,
EcospoldTemplateIntermediaryExchanges.java,soilcultivation_decompactation,"diesel, burned in agricultural machinery",MJ,ok,"diesel, burned in agricultural machinery",fecdf330-8660-4362-adde-ab5ea197ab1d,MJ,,,
EcospoldTemplateIntermediaryExchanges.java,soilcultivation_tillage_chisel,"tillage, cultivating, chiselling",ha,ok,"tillage, cultivating, chiselling",60cfe502-80f5-4a1e-9a97-48503466a802,ha,,,
EcospoldTemplateIntermediaryExchanges.java,soilcultivation_tillage_spring_tine_weeder,"tillage, currying, by weeder",ha,ok,"tillage, currying, by weeder",1b4271d3-3426-4fbf-be9c-705e50c87f94,ha,,,
EcospoldTemplateIntermediaryExchanges.java,soilcultivation_tillage_rotary_harrow,"tillage, harrowing, by rotary harrow",ha,ok,"tillage, harrowing, by rotary harrow",406c9ce9-fa6f-47b7-8659-386f0a54f2a8,ha,,,
EcospoldTemplateIntermediaryExchanges.java,soilcultivation_tillage_sprint_tine_harrow,"tillage, harrowing, by spring tine harrow",ha,ok,"tillage, harrowing, by spring tine harrow",1a444fb4-f931-4369-8683-2844944ebdba,ha,,,
EcospoldTemplateIntermediaryExchanges.java,soilcultivation_tillage_hoeing_earthing_up,"tillage, hoeing and earthing-up, potatoes",ha,ok,"tillage, hoeing and earthing-up, potatoes",77282160-5a7e-4a84-9ba1-b0d81e14f10a,ha,,,
EcospoldTemplateIntermediaryExchanges.java,soilcultivation_tillage_plough,"tillage, ploughing",ha,ok,"tillage, ploughing",318df8f5-f490-436c-8f93-23ccfa15e60a,ha,,,
EcospoldTemplateIntermediaryExchanges.java,soilcultivation_tillage_roll,"tillage, rolling",ha,ok,"tillage, rolling",51d3e5e1-ebff-4b8c-b764-42bfe74434ea,ha,,,
EcospoldTemplateIntermediaryExchanges.java,soilcultivation_tillage_rotary_cultivator,"tillage, rotary cultivator",ha,ok,"tillage, rotary cultivator",8cf5de7a-4796-4cfc-bd53-9b7148841b20,ha,,,
EcospoldTemplateIntermediaryExchanges.java,soilcultivation_other,"diesel, burned in agricultural machinery",MJ,ok,"diesel, burned in agricultural machinery",fecdf330-8660-4362-adde-ab5ea197ab1d,MJ,,,
EcospoldTemplateIntermediaryExchanges.java,sowingplanting_sowing,sowing,ha,ok,sowing,6c365ae3-f8cb-4aff-8709-afea7fbf0a40,ha,,,
EcospoldTemplateIntermediaryExchanges.java,sowingplanting_planting_seedlings,planting,ha,ok,planting,56945618-6269-4b32-8a1a-23deb440d203,ha,,,
EcospoldTemplateIntermediaryExchanges.java,sowingplanting_planting_potatoes,potato planting,ha,ok,potato planting,1933bbc7-2732-496e-ab58-5437df0da5f9,ha,,,
EcospoldTemplateIntermediaryExchanges.java,sowingplanting_other,"diesel, burned in agricultural machinery",MJ,ok,"diesel, burned in agricultural machinery",fecdf330-8660-4362-adde-ab5ea197ab1d,MJ,,,
EcospoldTemplateIntermediaryExchanges.java,fertilisation_fertilizing_broadcaster,"fertilising, by broadcaster",ha,ok,"fertilising, by broadcaster",75168394-3da2-467a-90a1-285836ccd00d,ha,,,
EcospoldTemplateIntermediaryExchanges.java,fertilisation_liquid_manure_vacuum_tanker,"liquid manure spreading, by vacuum tanker",m3,ok,"liquid manure spreading, by vacuum tanker",a2193d6a-1c79-42de-aa16-355543601b4e,m3,,,
EcospoldTemplateIntermediaryExchanges.java,fertilisation_solid_manure,"solid manure loading and spreading, by hydraulic loader and spreader",kg,ok,"solid manure loading and spreading, by hydraulic loader and spreader",aeb1ebef-7095-4956-91da-8c4017df556d,kg,,,
EcospoldTemplateIntermediaryExchanges.java,fertilisation_other,"diesel, burned in agricultural machinery",MJ,ok,"diesel, burned in agricultural machinery",fecdf330-8660-4362-adde-ab5ea197ab1d,MJ,,,
EcospoldTemplateIntermediaryExchanges.java,harvesting_chopping_maize,"chopping, maize",ha,ok,"chopping, maize",b3280788-057e-49a7-9d66-48c1e2e93728,ha,,,
EcospoldTemplateIntermediaryExchanges.java,harvesting_threshing_combine_harvester,combine harvesting,ha,ok,combine harvesting,cf52c0fe-72b3-4f42-a475-16a5b2a6f850,ha,,,
EcospoldTemplateIntermediaryExchanges.java,harvesting_picking_up_forage_self_propelled_loader,"fodder loading, by self-loading trailer",m3,ok,"fodder loading, by self-loading trailer",92b3c2d6-e5bf-4b2e-b2ac-1352d6640b58,m3,,,
EcospoldTemplateIntermediaryExchanges.java,harvesting_beets_complete_havester,"harvesting, by complete harvester, ground crops",ha,ok,"harvesting, by complete harvester, ground crops",962ca2fc-7e62-4902-8ea9-9e15b1884fde,ha,,,
EcospoldTemplateIntermediaryExchanges.java,harvesting_potatoes_complete_havester,"harvesting, by complete harvester, ground crops",ha,ok,"harvesting, by complete harvester, ground crops",962ca2fc-7e62-4902-8ea9-9e15b1884fde,ha,,,
EcospoldTemplateIntermediaryExchanges.java,harvesting_making_hay_rotary_tedder,"haying, by rotary tedder",ha,ok,"haying, by rotary tedder",68850e7f-0daf-4744-a87d-146555861f30,ha,,,
EcospoldTemplateIntermediaryExchanges.java,harvesting_loading_bales,bale loading,unit,ok,bale loading,bab2d2e5-e35f-4264-82ff-7d8e6dc222c1,unit,,,
EcospoldTemplateIntermediaryExchanges.java,harvesting_mowing_motor_mower,"mowing, by motor mower",ha,ok,"mowing, by motor mower",0157f851-9e24-4d37-b8b0-4f688d3331d7,ha,,,
EcospoldTemplateIntermediaryExchanges.java,harvesting_mowing_rotary_mower,"mowing, by rotary mower",ha,ok,"mowing, by rotary mower",479ce50b-7465-4ee0-ada2-81418055c725,ha,,,
EcospoldTemplateIntermediaryExchanges.java,harvesting_removing_potatoes_haulms,potato haulm cutting,ha,ok,potato haulm cutting,c17bc9a6-70c2-49c3-ad5e-16840fa81178,ha,,,
EcospoldTemplateIntermediaryExchanges.java,harvesting_windrowing_rotary_swather,"swath, by rotary windrower",ha,ok,"swath, by rotary windrower",ba4b94f3-797f-4724-af8c-21ec8fed9c2e,ha,,,
EcospoldTemplateIntermediaryExchanges.java,harvesting_other,"diesel, burned in agricultural machinery",MJ,ok,"diesel, burned in agricultural machinery",fecdf330-8660-4362-adde-ab5ea197ab1d,MJ,,,
EcospoldTemplateIntermediaryExchanges.java,otherworkprocesses_baling,baling,unit,ok,baling,bb425565-81b9-410b-bbb4-a0316567f297,unit,,,
EcospoldTemplateIntermediaryExchanges.java,otherworkprocesses_chopping,"chopping, maize",ha,ok,"chopping, maize",b3280788-057e-49a7-9d66-48c1e2e93728,ha,,,
EcospoldTemplateIntermediaryExchanges.java,otherworkprocesses_mulching,mulching,ha,ok,mulching,acbdd8f0-1d54-43c1-8b3c-f130160ebc08,ha,,,
EcospoldTemplateIntermediaryExchanges.java,otherworkprocesses_transport_tractor_trailer,"transport, tractor and trailer, agricultural",metric ton*km,proposed,"transport, freight, tractor and trailer, diesel, agricultural",ba4b7781-39f2-465b-8d98-0bc1c4c82e61,metric ton*km,,"same service, unit metric ton*km",
EcospoldTemplateIntermediaryExchanges.java,otherworkprocesses_other,"diesel, burned in agricultural machinery",MJ,ok,"diesel, burned in agricultural machinery",fecdf330-8660-4362-adde-ab5ea197ab1d,MJ,,,
EcospoldTemplateIntermediaryExchanges.java,total_machinery_gazoline,"petrol, unleaded, burned in machinery",MJ,ok,"petrol, unleaded, burned in machinery",b4e0b7c5-87b9-490e-971f-9ddc8c2b08d8,MJ,,,
EcospoldTemplateIntermediaryExchanges.java,energy_diesel_excluding_diesel_used_in_tractor,"diesel, burned in agricultural machinery",MJ,ok,"diesel, burned in agricultural machinery",fecdf330-8660-4362-adde-ab5ea197ab1d,MJ,,,
EcospoldTemplateIntermediaryExchanges.java,utilities_wateruse_non_conventional_sources,tap water,kg,ok,tap water,c5adb1fb-872e-4446-a3bb-c4b61aa4bd45,kg,,,
EcospoldTemplateIntermediaryExchanges.java,materials_fleece,horticultural fleece,m2,ok,horticultural fleece,05b915cd-3cd5-4e98-aea0-ff231cd4f4b1,m2,,,
EcospoldTemplateIntermediaryExchanges.java,materials_silage_foil,"polyethylene, high density, granulate",kg,ok,"polyethylene, high density, granulate",b685192a-e033-421e-9074-8fe7cb176046,kg,,,
EcospoldTemplateIntermediaryExchanges.java,materials_covering_sheet,"polyethylene, high density, granulate",kg,ok,"polyethylene, high density, granulate",b685192a-e033-421e-9074-8fe7cb176046,kg,,,
EcospoldTemplateIntermediaryExchanges.java,materials_bird_net,"polyethylene, high density, granulate",kg,ok,"polyethylene, high density, granulate",b685192a-e033-421e-9074-8fe7cb176046,kg,,,
EcospoldTemplateIntermediaryExchanges.java,greenhouse_plastic_tunnel,plastic tunnel,m2,ok,plastic tunnel,df447983-7eff-40d8-b811-3db5d08d4587,m2,,,
EcospoldTemplateIntermediaryExchanges.java,greenhouse_glass_roof,"greenhouse, glass walls and roof",m2*year,ok,"greenhouse, glass walls and roof",ca28222f-2bef-4c4f-b966-6a3e8932fa46,m2*year,,,
EcospoldTemplateIntermediaryExchanges.java,greenhouse_plastic_roof,"greenhouse, plastic walls and roof",m2*year,ok,"greenhouse, plastic walls and roof",794ea6cc-787f-4993-b8ef-e4b626ae0dcd,m2*year,,,
EcospoldTemplateIntermediaryExchanges.java,need_trellis,"trellis system, wooden poles, soft wood, tar impregnated",ha,ok,"trellis system, wooden poles, soft wood, tar impregnated",4bab1356-406d-4d1d-81d1-3e53e3bd505a,ha,,,
EcospoldTemplateIntermediaryExchanges.java (LUC),luc_crop_specific,"land use change, annual crop",kg,ok,"land use change, annual crop",1d32b849-121f-4d23-853c-fa2bf55c42e9,ha,,"UNIT: tool uses kg, Master Data ha",
EcospoldTemplateIntermediaryExchanges.java (LUC),luc_crop_specific,"land use change, perennial crop",kg,ok,"land use change, perennial crop",f372d4c2-7310-4fb9-8bb6-bee214fd08d1,ha,,"UNIT: tool uses kg, Master Data ha",
EcospoldTemplateIntermediaryExchanges.java,ecoinvent_packaging_solid,"packaging, for fertilisers or pesticides",kg,ok,"packaging, for fertilisers or pesticides",9cbe46b4-9041-4727-9f73-61138c1c7a0d,kg,,,
EcospoldTemplateIntermediaryExchanges.java,ecoinvent_packaging_liquid,"packaging, for fertilisers or pesticides",kg,ok,"packaging, for fertilisers or pesticides",9cbe46b4-9041-4727-9f73-61138c1c7a0d,kg,,,
EcospoldTemplateIntermediaryExchanges.java,pest_horticultural_oil,naphtha,kg,ok,naphtha,27a3ac7b-e31a-48da-84f5-8dbdcb96e565,kg,,,
EcospoldTemplateIntermediaryExchanges.java,pest_remains_kg,"pesticide, unspecified",kg,ok,"pesticide, unspecified",fb76d2b4-16bb-4373-bcdf-03545f362b83,kg,,,
EcospoldTemplateIntermediaryExchanges.java,remains_herbicides_kg,"pesticide, unspecified",kg,ok,"pesticide, unspecified",fb76d2b4-16bb-4373-bcdf-03545f362b83,kg,,,
EcospoldTemplateIntermediaryExchanges.java,remains_fungicides_kg,"pesticide, unspecified",kg,ok,"pesticide, unspecified",fb76d2b4-16bb-4373-bcdf-03545f362b83,kg,,,
EcospoldTemplateIntermediaryExchanges.java,remains_insecticides_kg,"pesticide, unspecified",kg,ok,"pesticide, unspecified",fb76d2b4-16bb-4373-bcdf-03545f362b83,kg,,,
EcospoldTemplateIntermediaryExchanges.java,energy_electricity_low_voltage_at_grid,"electricity, low voltage",kWh,ok,"electricity, low voltage",d69294d7-8d64-4915-a896-9996a014c410,kWh,,,
EcospoldTemplateIntermediaryExchanges.java,energy_electricity_photovoltaic_produced_locally,"electricity, low voltage",kWh,ok,"electricity, low voltage",d69294d7-8d64-4915-a896-9996a014c410,kWh,,,
EcospoldTemplateIntermediaryExchanges.java,energy_electricity_wind_power_produced_locally,"electricity, high voltage",kWh,ok,"electricity, high voltage",66c93e71-f32b-4591-901c-55395db5c132,kWh,,,
EcospoldTemplateIntermediaryExchanges.java,energy_lignite_briquette,"heat, central or small-scale, other than natural gas",MJ,ok,"heat, central or small-scale, other than natural gas",dd80f0f2-f4d5-40f0-9035-09c1a7f3f07b,MJ,,,
EcospoldTemplateIntermediaryExchanges.java,energy_hard_coal_briquette,"heat, central or small-scale, other than natural gas",MJ,ok,"heat, central or small-scale, other than natural gas",dd80f0f2-f4d5-40f0-9035-09c1a7f3f07b,MJ,,,
EcospoldTemplateIntermediaryExchanges.java,energy_fuel_oil_light,"heat, central or small-scale, other than natural gas",MJ,ok,"heat, central or small-scale, other than natural gas",dd80f0f2-f4d5-40f0-9035-09c1a7f3f07b,MJ,,,
EcospoldTemplateIntermediaryExchanges.java,energy_fuel_oil_heavy,"heat, district or industrial, other than natural gas",MJ,ok,"heat, district or industrial, other than natural gas",71e2f1db-a2c5-44d0-8337-dfff15be974d,MJ,,,
EcospoldTemplateIntermediaryExchanges.java,energy_natural_gas,"heat, central or small-scale, natural gas",MJ,ok,"heat, central or small-scale, natural gas",b3c58f5d-5815-487c-8b9c-4366e00d22dc,MJ,,,
EcospoldTemplateIntermediaryExchanges.java,energy_wood_pellets_humidity_10_percent,"heat, central or small-scale, other than natural gas",MJ,ok,"heat, central or small-scale, other than natural gas",dd80f0f2-f4d5-40f0-9035-09c1a7f3f07b,MJ,,,
EcospoldTemplateIntermediaryExchanges.java,energy_wood_chips_fresh_humidity_40_percent,"heat, central or small-scale, other than natural gas",MJ,ok,"heat, central or small-scale, other than natural gas",dd80f0f2-f4d5-40f0-9035-09c1a7f3f07b,MJ,,,
EcospoldTemplateIntermediaryExchanges.java,energy_wood_logs,"heat, central or small-scale, other than natural gas",MJ,ok,"heat, central or small-scale, other than natural gas",dd80f0f2-f4d5-40f0-9035-09c1a7f3f07b,MJ,,,
EcospoldTemplateIntermediaryExchanges.java,energy_heat_district_heating,"heat, district or industrial, natural gas",MJ,ok,"heat, district or industrial, natural gas",1125e767-7b5d-442e-81d6-9b0d3e1919ac,MJ,,,
EcospoldTemplateIntermediaryExchanges.java,energy_heat_solar_collector,"heat, central or small-scale, other than natural gas",MJ,ok,"heat, central or small-scale, other than natural gas",dd80f0f2-f4d5-40f0-9035-09c1a7f3f07b,MJ,,,
EcospoldTemplateIntermediaryExchanges.java,eol_plastic_landfill,waste polyethylene,kg,ok,waste polyethylene,7ee0ddc3-924d-4339-b9bf-7856af6a698f,kg,,,
EcospoldTemplateIntermediaryExchanges.java,eol_plastic_incineration,waste polyethylene,kg,ok,waste polyethylene,7ee0ddc3-924d-4339-b9bf-7856af6a698f,kg,,,
EcospoldTemplateIntermediaryExchanges.java,eol_biowaste_incineration,biowaste,kg,ok,biowaste,50306184-2a7e-4825-8e5d-fe8e674d1274,kg,,,
EcospoldTemplateIntermediaryExchanges.java,eol_biowaste_anae_digestion,biowaste,kg,ok,biowaste,50306184-2a7e-4825-8e5d-fe8e674d1274,kg,,,
EcospoldTemplateIntermediaryExchanges.java,eol_biowaste_composting,biowaste,kg,ok,biowaste,50306184-2a7e-4825-8e5d-fe8e674d1274,kg,,,
EcospoldTemplateIntermediaryExchanges.java,eol_biowaste_other,biowaste,kg,ok,biowaste,50306184-2a7e-4825-8e5d-fe8e674d1274,kg,,,
EcospoldTemplateIntermediaryExchanges.java,eol_waste_water_to_treatment_facility,"wastewater, average",m3,ok,"wastewater, average",e8a51ec1-60cb-4ead-a948-ad1142c61918,m3,,,
ecospold_pesticides_product_mapping.properties,pesti_herbicides_2_4_d,"2,4-dichlorotoluene",kg,ok,"2,4-dichlorotoluene",04ec6467-1e9f-426c-b84a-687d6164b6c1,kg,,,
ecospold_pesticides_product_mapping.properties,pesti_herbicides_aclonifen,aclonifen,kg,ok,aclonifen,906ace6c-3089-4c95-9ebd-5a396ee84577,kg,,,
ecospold_pesticides_product_mapping.properties,pesti_herbicides_alachlor,"acetamide-anillide-compound, unspecified",kg,ok,"acetamide-anillide-compound, unspecified",2487d46f-ca68-45fe-9baf-c8546908cef2,kg,,,
ecospold_pesticides_product_mapping.properties,pesti_herbicides_amidosulfuron,[sulfonyl]urea-compound,kg,ok,[sulfonyl]urea-compound,4c2b1cc3-84e5-4e35-b74e-8815eadbc674,kg,,,
ecospold_pesticides_product_mapping.properties,pesti_herbicides_asulam,[thio]carbamate-compound,kg,ok,[thio]carbamate-compound,1be4f7e4-5244-4f9d-b80d-7fbf1e337e2b,kg,,,
ecospold_pesticides_product_mapping.properties,pesti_herbicides_atrazine,atrazine,kg,ok,atrazine,bc06c7e3-8a07-424b-a2d9-e43b1918638d,kg,,,
ecospold_pesticides_product_mapping.properties,pesti_herbicides_aziprotryne,"triazine-compound, unspecified",kg,proposed,triazine-compound,bab7524a-43df-40ff-ab5b-2a318758273d,kg,,"', unspecified' dropped in 3.12",
ecospold_pesticides_product_mapping.properties,pesti_herbicides_benazolin,benzo[thia]diazole-compound,kg,ok,benzo[thia]diazole-compound,6f07e082-b8cd-4a5f-a7e4-09592fb96d32,kg,,,
ecospold_pesticides_product_mapping.properties,pesti_herbicides_benoxacor,cyclic N-compound,kg,ok,cyclic N-compound,d006454e-161f-4b7f-ad8a-8892ee176041,kg,,,
ecospold_pesticides_product_mapping.properties,pesti_herbicides_bentazone,benzo[thia]diazole-compound,kg,ok,benzo[thia]diazole-compound,6f07e082-b8cd-4a5f-a7e4-09592fb96d32,kg,,,
ecospold_pesticides_product_mapping.properties,pesti_herbicides_benzoic_acid,benzoic-compound,kg,ok,benzoic-compound,f143fd40-3f07-4233-83e4-94c102e7eaac,kg,,,
ecospold_pesticides_product_mapping.properties,pesti_herbicides_benzthiazuron,benzoic-compound,kg,ok,benzoic-compound,f143fd40-3f07-4233-83e4-94c102e7eaac,kg,,,
ecospold_pesticides_product_mapping.properties,pesti_herbicides_daminozide,"pesticide, unspecified",kg,ok,"pesticide, unspecified",fb76d2b4-16bb-4373-bcdf-03545f362b83,kg,,,
ecospold_pesticides_product_mapping.properties,pesti_herbicides_bifenox,diphenylether-compound,kg,ok,diphenylether-compound,4855fa83-84d7-4138-8fde-27aa1bab3f42,kg,,,
ecospold_pesticides_product_mapping.properties,pesti_herbicides_bromoxynil_as_ester,nitrile-compound,kg,ok,nitrile-compound,3ab1ad80-ee03-483d-8722-81c3c3c28bd3,kg,,,
ecospold_pesticides_product_mapping.properties,pesti_herbicides_bromoxynil,nitrile-compound,kg,ok,nitrile-compound,3ab1ad80-ee03-483d-8722-81c3c3c28bd3,kg,,,
ecospold_pesticides_product_mapping.properties,pesti_herbicides_bromoxynil_octanoat,nitrile-compound,kg,ok,nitrile-compound,3ab1ad80-ee03-483d-8722-81c3c3c28bd3,kg,,,
ecospold_pesticides_product_mapping.properties,pesti_herbicides_bromfenoxim,phenoxy-compound,kg,ok,phenoxy-compound,9f2fdfd0-e173-47e9-812f-2bee762d9d39,kg,,,
ecospold_pesticides_product_mapping.properties,pesti_herbicides_butafenacil,cyclic N-compound,kg,ok,cyclic N-compound,d006454e-161f-4b7f-ad8a-8892ee176041,kg,,,
ecospold_pesticides_product_mapping.properties,pesti_herbicides_butralin,dinitroaniline-compound,kg,ok,dinitroaniline-compound,788fbac7-89f4-4167-a410-72b7bf149d92,kg,,,
ecospold_pesticides_product_mapping.properties,pesti_herbicides_calcium_hydroxide,"quicklime, milled, packed",kg,ok,"quicklime, milled, packed",2a478bad-9f24-4208-a86c-3683f9b69610,kg,,,
ecospold_pesticides_product_mapping.properties,pesti_herbicides_carbetamide,[thio]carbamate-compound,kg,ok,[thio]carbamate-compound,1be4f7e4-5244-4f9d-b80d-7fbf1e337e2b,kg,,,
ecospold_pesticides_product_mapping.properties,pesti_herbicides_carfentrazone_ethyl,cyclic N-compound,kg,ok,cyclic N-compound,d006454e-161f-4b7f-ad8a-8892ee176041,kg,,,
ecospold_pesticides_product_mapping.properties,pesti_herbicides_chlorbromuron,[sulfonyl]urea-compound,kg,ok,[sulfonyl]urea-compound,4c2b1cc3-84e5-4e35-b74e-8815eadbc674,kg,,,
ecospold_pesticides_product_mapping.properties,pesti_herbicides_chlorbufam,[thio]carbamate-compound,kg,ok,[thio]carbamate-compound,1be4f7e4-5244-4f9d-b80d-7fbf1e337e2b,kg,,,
ecospold_pesticides_product_mapping.properties,pesti_herbicides_chloridazon,pyridazine-compound,kg,ok,pyridazine-compound,fd71fda7-6bc6-4020-bfd7-205ef2b560aa,kg,,,
ecospold_pesticides_product_mapping.properties,pesti_herbicides_chlorophen,"pesticide, unspecified",kg,ok,"pesticide, unspecified",fb76d2b4-16bb-4373-bcdf-03545f362b83,kg,,,
ecospold_pesticides_product_mapping.properties,pesti_herbicides_chlorthal,benzoic-compound,kg,ok,benzoic-compound,f143fd40-3f07-4233-83e4-94c102e7eaac,kg,,,
ecospold_pesticides_product_mapping.properties,pesti_herbicides_chlortoluron,chlorotoluron,kg,ok,chlorotoluron,7149c17c-c120-4480-b8d9-ca1554926dec,kg,,,
ecospold_pesticides_product_mapping.properties,pesti_herbicides_cinidon_ethyl,cyclic N-compound,kg,ok,cyclic N-compound,d006454e-161f-4b7f-ad8a-8892ee176041,kg,,,
ecospold_pesticides_product_mapping.properties,pesti_herbicides_clethodim,"pesticide, unspecified",kg,ok,"pesticide, unspecified",fb76d2b4-16bb-4373-bcdf-03545f362b83,kg,,,
ecospold_pesticides_product_mapping.properties,pesti_herbicides_clodinafop_propargyl,diphenylether-compound,kg,ok,diphenylether-compound,4855fa83-84d7-4138-8fde-27aa1bab3f42,kg,,,
ecospold_pesticides_product_mapping.properties,pesti_herbicides_clomazone,cyclic N-compound,kg,ok,cyclic N-compound,d006454e-161f-4b7f-ad8a-8892ee176041,kg,,,
ecospold_pesticides_product_mapping.properties,pesti_herbicides_clopyralid,cyclic N-compound,kg,ok,cyclic N-compound,d006454e-161f-4b7f-ad8a-8892ee176041,kg,,,
ecospold_pesticides_product_mapping.properties,pesti_herbicides_cloquintocet_mexyl,benzimidazole-compound,kg,ok,benzimidazole-compound,f4470cb4-f0f6-43d0-9e03-52bec610169f,kg,,,
ecospold_pesticides_product_mapping.properties,pesti_herbicides_cyanamide,nitrile-compound,kg,ok,nitrile-compound,3ab1ad80-ee03-483d-8722-81c3c3c28bd3,kg,,,
ecospold_pesticides_product_mapping.properties,pesti_herbicides_cyanazine,"triazine-compound, unspecified",kg,proposed,triazine-compound,bab7524a-43df-40ff-ab5b-2a318758273d,kg,,"', unspecified' dropped in 3.12",
ecospold_pesticides_product_mapping.properties,pesti_herbicides_cycloxydim,"pesticide, unspecified",kg,ok,"pesticide, unspecified",fb76d2b4-16bb-4373-bcdf-03545f362b83,kg,,,
ecospold_pesticides_product_mapping.properties,pesti_herbicides_cycluron,[sulfonyl]urea-compound,kg,ok,[sulfonyl]urea-compound,4c2b1cc3-84e5-4e35-b74e-8815eadbc674,kg,,,
ecospold_pesticides_product_mapping.properties,pesti_herbicides_dimethenamid_p,"acetamide-anillide-compound, unspecified",kg,ok,"acetamide-anillide-compound, unspecified",2487d46f-ca68-45fe-9baf-c8546908cef2,kg,,,
ecospold_pesticides_product_mapping.properties,pesti_herbicides_desmedipham,[thio]carbamate-compound,kg,ok,[thio]carbamate-compound,1be4f7e4-5244-4f9d-b80d-7fbf1e337e2b,kg,,,
ecospold_pesticides_product_mapping.properties,pesti_herbicides_dicamba,benzoic-compound,kg,ok,benzoic-compound,f143fd40-3f07-4233-83e4-94c102e7eaac,kg,,,
ecospold_pesticides_product_mapping.properties,pesti_herbicides_dichlobenil,nitrile-compound,kg,ok,nitrile-compound,3ab1ad80-ee03-483d-8722-81c3c3c28bd3,kg,,,
ecospold_pesticides_product_mapping.properties,pesti_herbicides_dichlorprop_p,phenoxy-compound,kg,ok,phenoxy-compound,9f2fdfd0-e173-47e9-812f-2bee762d9d39,kg,,,
ecospold_pesticides_product_mapping.properties,pesti_herbicides_diflufenican,diphenylether-compound,kg,ok,diphenylether-compound,4855fa83-84d7-4138-8fde-27aa1bab3f42,kg,,,
ecospold_pesticides_product_mapping.properties,pesti_herbicides_dimefuron,[sulfonyl]urea-compound,kg,ok,[sulfonyl]urea-compound,4c2b1cc3-84e5-4e35-b74e-8815eadbc674,kg,,,
ecospold_pesticides_product_mapping.properties,pesti_herbicides_dimethachlor,"acetamide-anillide-compound, unspecified",kg,ok,"acetamide-anillide-compound, unspecified",2487d46f-ca68-45fe-9baf-c8546908cef2,kg,,,
ecospold_pesticides_product_mapping.properties,pesti_herbicides_dimethenamid,"acetamide-anillide-compound, unspecified",kg,ok,"acetamide-anillide-compound, unspecified",2487d46f-ca68-45fe-9baf-c8546908cef2,kg,,,
ecospold_pesticides_product_mapping.properties,pesti_herbicides_dinoseb_dnbp,nitrile-compound,kg,ok,nitrile-compound,3ab1ad80-ee03-483d-8722-81c3c3c28bd3,kg,,,
ecospold_pesticides_product_mapping.properties,pesti_herbicides_diquat,bipyridylium-compound,kg,ok,bipyridylium-compound,449726a6-8ebe-4eb7-98f7-25498ae3fd21,kg,,,
ecospold_pesticides_product_mapping.properties,pesti_herbicides_diuron,[sulfonyl]urea-compound,kg,ok,[sulfonyl]urea-compound,4c2b1cc3-84e5-4e35-b74e-8815eadbc674,kg,,,
ecospold_pesticides_product_mapping.properties,pesti_herbicides_ethofumesate,benzimidazole-compound,kg,ok,benzimidazole-compound,f4470cb4-f0f6-43d0-9e03-52bec610169f,kg,,,
ecospold_pesticides_product_mapping.properties,pesti_herbicides_fenoxaprop_ethyl,phenoxy-compound,kg,ok,phenoxy-compound,9f2fdfd0-e173-47e9-812f-2bee762d9d39,kg,,,
ecospold_pesticides_product_mapping.properties,pesti_herbicides_fenoxaprop_p_ethyl,phenoxy-compound,kg,ok,phenoxy-compound,9f2fdfd0-e173-47e9-812f-2bee762d9d39,kg,,,
ecospold_pesticides_product_mapping.properties,pesti_herbicides_flazasulfuron,[sulfonyl]urea-compound,kg,ok,[sulfonyl]urea-compound,4c2b1cc3-84e5-4e35-b74e-8815eadbc674,kg,,,
ecospold_pesticides_product_mapping.properties,pesti_herbicides_florasulam,"acetamide-anillide-compound, unspecified",kg,ok,"acetamide-anillide-compound, unspecified",2487d46f-ca68-45fe-9baf-c8546908cef2,kg,,,
ecospold_pesticides_product_mapping.properties,pesti_herbicides_fluazifop_p_butyl,diphenylether-compound,kg,ok,diphenylether-compound,4855fa83-84d7-4138-8fde-27aa1bab3f42,kg,,,
ecospold_pesticides_product_mapping.properties,pesti_herbicides_flufenacet,"acetamide-anillide-compound, unspecified",kg,ok,"acetamide-anillide-compound, unspecified",2487d46f-ca68-45fe-9baf-c8546908cef2,kg,,,
ecospold_pesticides_product_mapping.properties,pesti_herbicides_flumioxazin,cyclic N-compound,kg,ok,cyclic N-compound,d006454e-161f-4b7f-ad8a-8892ee176041,kg,,,
ecospold_pesticides_product_mapping.properties,pesti_herbicides_fluoroglycofen,diphenylether-compound,kg,ok,diphenylether-compound,4855fa83-84d7-4138-8fde-27aa1bab3f42,kg,,,
ecospold_pesticides_product_mapping.properties,pesti_herbicides_flupyrsulfuron_methyl,[sulfonyl]urea-compound,kg,ok,[sulfonyl]urea-compound,4c2b1cc3-84e5-4e35-b74e-8815eadbc674,kg,,,
ecospold_pesticides_product_mapping.properties,pesti_herbicides_flurenol,"pesticide, unspecified",kg,ok,"pesticide, unspecified",fb76d2b4-16bb-4373-bcdf-03545f362b83,kg,,,
ecospold_pesticides_product_mapping.properties,pesti_herbicides_flurochloridone,"pesticide, unspecified",kg,ok,"pesticide, unspecified",fb76d2b4-16bb-4373-bcdf-03545f362b83,kg,,,
ecospold_pesticides_product_mapping.properties,pesti_herbicides_fluroxypyr,phenoxy-compound,kg,ok,phenoxy-compound,9f2fdfd0-e173-47e9-812f-2bee762d9d39,kg,,,
ecospold_pesticides_product_mapping.properties,pesti_herbicides_starane,phenoxy-compound,kg,ok,phenoxy-compound,9f2fdfd0-e173-47e9-812f-2bee762d9d39,kg,,,
ecospold_pesticides_product_mapping.properties,pesti_herbicides_foramsulfuron,[sulfonyl]urea-compound,kg,ok,[sulfonyl]urea-compound,4c2b1cc3-84e5-4e35-b74e-8815eadbc674,kg,,,
ecospold_pesticides_product_mapping.properties,pesti_herbicides_glufosinate,"organophosphorus-compound, unspecified",kg,ok,"organophosphorus-compound, unspecified",0711bf2e-a106-404b-abab-7f42cf5ad3c4,kg,,,
ecospold_pesticides_product_mapping.properties,pesti_herbicides_glyphosate,glyphosate,kg,ok,glyphosate,b3b67831-8d80-4fbb-afe8-99db667f7426,kg,,,
ecospold_pesticides_product_mapping.properties,pesti_herbicides_haloxyfop_p_methyl,diphenylether-compound,kg,ok,diphenylether-compound,4855fa83-84d7-4138-8fde-27aa1bab3f42,kg,,,
ecospold_pesticides_product_mapping.properties,pesti_herbicides_imazamox,benzoic-compound,kg,ok,benzoic-compound,f143fd40-3f07-4233-83e4-94c102e7eaac,kg,,,
ecospold_pesticides_product_mapping.properties,pesti_herbicides_iodosulfuron,"triazine-compound, unspecified",kg,proposed,triazine-compound,bab7524a-43df-40ff-ab5b-2a318758273d,kg,,"', unspecified' dropped in 3.12",
ecospold_pesticides_product_mapping.properties,pesti_herbicides_iodosulfuron_methyl_sodium,"triazine-compound, unspecified",kg,proposed,triazine-compound,bab7524a-43df-40ff-ab5b-2a318758273d,kg,,"', unspecified' dropped in 3.12",
ecospold_pesticides_product_mapping.properties,pesti_herbicides_ioxynil,nitrile-compound,kg,ok,nitrile-compound,3ab1ad80-ee03-483d-8722-81c3c3c28bd3,kg,,,
ecospold_pesticides_product_mapping.properties,pesti_herbicides_ioxynil_methyl_ester,nitrile-compound,kg,ok,nitrile-compound,3ab1ad80-ee03-483d-8722-81c3c3c28bd3,kg,,,
ecospold_pesticides_product_mapping.properties,pesti_herbicides_isoxadifen_ethyl,cyclic N-compound,kg,ok,cyclic N-compound,d006454e-161f-4b7f-ad8a-8892ee176041,kg,,,
ecospold_pesticides_product_mapping.properties,pesti_herbicides_isoproturon,isoproturon,kg,ok,isoproturon,3d455af5-1a55-4ac3-a685-4cb13e1d2097,kg,,,
ecospold_pesticides_product_mapping.properties,pesti_herbicides_isoxaflutole,cyclic N-compound,kg,ok,cyclic N-compound,d006454e-161f-4b7f-ad8a-8892ee176041,kg,,,
ecospold_pesticides_product_mapping.properties,pesti_herbicides_lenacil,cyclic N-compound,kg,ok,cyclic N-compound,d006454e-161f-4b7f-ad8a-8892ee176041,kg,,,
ecospold_pesticides_product_mapping.properties,pesti_herbicides_linuron,"pesticide, unspecified",kg,ok,"pesticide, unspecified",fb76d2b4-16bb-4373-bcdf-03545f362b83,kg,,,
ecospold_pesticides_product_mapping.properties,pesti_herbicides_mcpa,phenoxy-compound,kg,ok,phenoxy-compound,9f2fdfd0-e173-47e9-812f-2bee762d9d39,kg,,,
ecospold_pesticides_product_mapping.properties,pesti_herbicides_mcpb,phenoxy-compound,kg,ok,phenoxy-compound,9f2fdfd0-e173-47e9-812f-2bee762d9d39,kg,,,
ecospold_pesticides_product_mapping.properties,pesti_herbicides_mcpp_mecoprop,mecoprop,kg,ok,mecoprop,1725bc7a-ae6b-4584-bd36-7dfbf52a0b3b,kg,,,
ecospold_pesticides_product_mapping.properties,pesti_herbicides_mecoprop_p,phenoxy-compound,kg,ok,phenoxy-compound,9f2fdfd0-e173-47e9-812f-2bee762d9d39,kg,,,
ecospold_pesticides_product_mapping.properties,pesti_herbicides_mefenpyr_diethyl,cyclic N-compound,kg,ok,cyclic N-compound,d006454e-161f-4b7f-ad8a-8892ee176041,kg,,,
ecospold_pesticides_product_mapping.properties,pesti_herbicides_mesosulfuron,[sulfonyl]urea-compound,kg,ok,[sulfonyl]urea-compound,4c2b1cc3-84e5-4e35-b74e-8815eadbc674,kg,,,
ecospold_pesticides_product_mapping.properties,pesti_herbicides_mesotrione,"pesticide, unspecified",kg,ok,"pesticide, unspecified",fb76d2b4-16bb-4373-bcdf-03545f362b83,kg,,,
ecospold_pesticides_product_mapping.properties,pesti_herbicides_metamitron,metamitron,kg,ok,metamitron,b47b9c9a-6a79-4a66-a5ac-0ff98a618084,kg,,,
ecospold_pesticides_product_mapping.properties,pesti_herbicides_metazachlor,"acetamide-anillide-compound, unspecified",kg,ok,"acetamide-anillide-compound, unspecified",2487d46f-ca68-45fe-9baf-c8546908cef2,kg,,,
ecospold_pesticides_product_mapping.properties,pesti_herbicides_methabenzthiazuron,[sulfonyl]urea-compound,kg,ok,[sulfonyl]urea-compound,4c2b1cc3-84e5-4e35-b74e-8815eadbc674,kg,,,
ecospold_pesticides_product_mapping.properties,pesti_herbicides_metobromuron,[sulfonyl]urea-compound,kg,ok,[sulfonyl]urea-compound,4c2b1cc3-84e5-4e35-b74e-8815eadbc674,kg,,,
ecospold_pesticides_product_mapping.properties,pesti_herbicides_metolachlor,metolachlor,kg,ok,metolachlor,6fd2896a-5454-4651-a604-0b443424fbdb,kg,,,
ecospold_pesticides_product_mapping.properties,pesti_herbicides_metosulam,"acetamide-anillide-compound, unspecified",kg,ok,"acetamide-anillide-compound, unspecified",2487d46f-ca68-45fe-9baf-c8546908cef2,kg,,,
ecospold_pesticides_product_mapping.properties,pesti_herbicides_metribuzin,"triazine-compound, unspecified",kg,proposed,triazine-compound,bab7524a-43df-40ff-ab5b-2a318758273d,kg,,"', unspecified' dropped in 3.12",
ecospold_pesticides_product_mapping.properties,pesti_herbicides_metsulfuron_methyl,"triazine-compound, unspecified",kg,proposed,triazine-compound,bab7524a-43df-40ff-ab5b-2a318758273d,kg,,"', unspecified' dropped in 3.12",
ecospold_pesticides_product_mapping.properties,pesti_herbicides_monolinuron,[sulfonyl]urea-compound,kg,ok,[sulfonyl]urea-compound,4c2b1cc3-84e5-4e35-b74e-8815eadbc674,kg,,,
ecospold_pesticides_product_mapping.properties,pesti_herbicides_napropamide,napropamide,kg,ok,napropamide,7184e4fa-479d-43a3-8140-17c80f1dd2fa,kg,,,
ecospold_pesticides_product_mapping.properties,pesti_herbicides_neburon,[sulfonyl]urea-compound,kg,ok,[sulfonyl]urea-compound,4c2b1cc3-84e5-4e35-b74e-8815eadbc674,kg,,,
ecospold_pesticides_product_mapping.properties,pesti_herbicides_nicosulfuron,[sulfonyl]urea-compound,kg,ok,[sulfonyl]urea-compound,4c2b1cc3-84e5-4e35-b74e-8815eadbc674,kg,,,
ecospold_pesticides_product_mapping.properties,pesti_herbicides_orbencarb,orbencarb,kg,ok,orbencarb,9888cbd6-aceb-4782-b174-36a91dd0e404,kg,,,
ecospold_pesticides_product_mapping.properties,pesti_herbicides_oryzalin,dinitroaniline-compound,kg,ok,dinitroaniline-compound,788fbac7-89f4-4167-a410-72b7bf149d92,kg,,,
ecospold_pesticides_product_mapping.properties,pesti_herbicides_oxyfluorfen,[sulfonyl]urea-compound,kg,ok,[sulfonyl]urea-compound,4c2b1cc3-84e5-4e35-b74e-8815eadbc674,kg,,,
ecospold_pesticides_product_mapping.properties,pesti_herbicides_oxasulfuron,diphenylether-compound,kg,ok,diphenylether-compound,4855fa83-84d7-4138-8fde-27aa1bab3f42,kg,,,
ecospold_pesticides_product_mapping.properties,pesti_herbicides_pendimethalin,pendimethalin,kg,ok,pendimethalin,fbf87b1b-6462-4557-b412-1a7f79b12efc,kg,,,
ecospold_pesticides_product_mapping.properties,pesti_herbicides_pethoxamid,"acetamide-anillide-compound, unspecified",kg,ok,"acetamide-anillide-compound, unspecified",2487d46f-ca68-45fe-9baf-c8546908cef2,kg,,,
ecospold_pesticides_product_mapping.properties,pesti_herbicides_phenmedipham,[thio]carbamate-compound,kg,ok,[thio]carbamate-compound,1be4f7e4-5244-4f9d-b80d-7fbf1e337e2b,kg,,,
ecospold_pesticides_product_mapping.properties,pesti_herbicides_pinoxaden,"pesticide, unspecified",kg,ok,"pesticide, unspecified",fb76d2b4-16bb-4373-bcdf-03545f362b83,kg,,,
ecospold_pesticides_product_mapping.properties,pesti_herbicides_piperonyl_butoxide,"pesticide, unspecified",kg,ok,"pesticide, unspecified",fb76d2b4-16bb-4373-bcdf-03545f362b83,kg,,,
ecospold_pesticides_product_mapping.properties,pesti_herbicides_propachlor,"acetamide-anillide-compound, unspecified",kg,ok,"acetamide-anillide-compound, unspecified",2487d46f-ca68-45fe-9baf-c8546908cef2,kg,,,
ecospold_pesticides_product_mapping.properties,pesti_herbicides_propaquizafop,diphenylether-compound,kg,ok,diphenylether-compound,4855fa83-84d7-4138-8fde-27aa1bab3f42,kg,,,
ecospold_pesticides_product_mapping.properties,pesti_herbicides_propham_ipc,[thio]carbamate-compound,kg,ok,[thio]carbamate-compound,1be4f7e4-5244-4f9d-b80d-7fbf1e337e2b,kg,,,
ecospold_pesticides_product_mapping.properties,pesti_herbicides_propoxycarbazone_sodium,cyclic N-compound,kg,ok,cyclic N-compound,d006454e-161f-4b7f-ad8a-8892ee176041,kg,,,
ecospold_pesticides_product_mapping.properties,pesti_herbicides_pronamide,"acetamide-anillide-compound, unspecified",kg,ok,"acetamide-anillide-compound, unspecified",2487d46f-ca68-45fe-9baf-c8546908cef2,kg,,,
ecospold_pesticides_product_mapping.properties,pesti_herbicides_prosulfocarb,prosulfocarb,kg,ok,prosulfocarb,72d94cff-d13f-4653-9bab-e1fd5f3c0e69,kg,,,
ecospold_pesticides_product_mapping.properties,pesti_herbicides_prosulfuron,"triazine-compound, unspecified",kg,proposed,triazine-compound,bab7524a-43df-40ff-ab5b-2a318758273d,kg,,"', unspecified' dropped in 3.12",
ecospold_pesticides_product_mapping.properties,pesti_herbicides_pyraflufen_ethyl,cyclic N-compound,kg,ok,cyclic N-compound,d006454e-161f-4b7f-ad8a-8892ee176041,kg,,,
ecospold_pesticides_product_mapping.properties,pesti_herbicides_pyridate,pyridazine-compound,kg,ok,pyridazine-compound,fd71fda7-6bc6-4020-bfd7-205ef2b560aa,kg,,,
ecospold_pesticides_product_mapping.properties,pesti_herbicides_quinoclamine,"pesticide, unspecified",kg,ok,"pesticide, unspecified",fb76d2b4-16bb-4373-bcdf-03545f362b83,kg,,,
ecospold_pesticides_product_mapping.properties,pesti_herbicides_quizalofop_p_ethyl,diphenylether-compound,kg,ok,diphenylether-compound,4855fa83-84d7-4138-8fde-27aa1bab3f42,kg,,,
ecospold_pesticides_product_mapping.properties,pesti_herbicides_rimsulfuron,[sulfonyl]urea-compound,kg,ok,[sulfonyl]urea-compound,4c2b1cc3-84e5-4e35-b74e-8815eadbc674,kg,,,
ecospold_pesticides_product_mapping.properties,pesti_herbicides_siduron,[sulfonyl]urea-compound,kg,ok,[sulfonyl]urea-compound,4c2b1cc3-84e5-4e35-b74e-8815eadbc674,kg,,,
ecospold_pesticides_product_mapping.properties,pesti_herbicides_simazine,"triazine-compound, unspecified",kg,proposed,triazine-compound,bab7524a-43df-40ff-ab5b-2a318758273d,kg,,"', unspecified' dropped in 3.12",
ecospold_pesticides_product_mapping.properties,pesti_herbicides_metolachlor_s,"acetamide-anillide-compound, unspecified",kg,ok,"acetamide-anillide-compound, unspecified",2487d46f-ca68-45fe-9baf-c8546908cef2,kg,,,
ecospold_pesticides_product_mapping.properties,pesti_herbicides_sulcotrione,"pesticide, unspecified",kg,ok,"pesticide, unspecified",fb76d2b4-16bb-4373-bcdf-03545f362b83,kg,,,
ecospold_pesticides_product_mapping.properties,pesti_herbicides_sulfosate,"organophosphorus-compound, unspecified",kg,ok,"organophosphorus-compound, unspecified",0711bf2e-a106-404b-abab-7f42cf5ad3c4,kg,,,
ecospold_pesticides_product_mapping.properties,pesti_herbicides_sulfosulfuron,[sulfonyl]urea-compound,kg,ok,[sulfonyl]urea-compound,4c2b1cc3-84e5-4e35-b74e-8815eadbc674,kg,,,
ecospold_pesticides_product_mapping.properties,pesti_herbicides_tebutam,"pesticide, unspecified",kg,ok,"pesticide, unspecified",fb76d2b4-16bb-4373-bcdf-03545f362b83,kg,,,
ecospold_pesticides_product_mapping.properties,pesti_herbicides_tepraloxydim,"pesticide, unspecified",kg,ok,"pesticide, unspecified",fb76d2b4-16bb-4373-bcdf-03545f362b83,kg,,,
ecospold_pesticides_product_mapping.properties,pesti_herbicides_terbacil,cyclic N-compound,kg,ok,cyclic N-compound,d006454e-161f-4b7f-ad8a-8892ee176041,kg,,,
ecospold_pesticides_product_mapping.properties,pesti_herbicides_terbuthylazin,"triazine-compound, unspecified",kg,proposed,triazine-compound,bab7524a-43df-40ff-ab5b-2a318758273d,kg,,"', unspecified' dropped in 3.12",
ecospold_pesticides_product_mapping.properties,pesti_herbicides_terbutryn,"triazine-compound, unspecified",kg,proposed,triazine-compound,bab7524a-43df-40ff-ab5b-2a318758273d,kg,,"', unspecified' dropped in 3.12",
ecospold_pesticides_product_mapping.properties,pesti_herbicides_thifensulfuron_methyl,"triazine-compound, unspecified",kg,proposed,triazine-compound,bab7524a-43df-40ff-ab5b-2a318758273d,kg,,"', unspecified' dropped in 3.12",
ecospold_pesticides_product_mapping.properties,pesti_herbicides_tralkoxydim,"pesticide, unspecified",kg,ok,"pesticide, unspecified",fb76d2b4-16bb-4373-bcdf-03545f362b83,kg,,,
ecospold_pesticides_product_mapping.properties,pesti_herbicides_triasulfuron,"triazine-compound, unspecified",kg,proposed,triazine-compound,bab7524a-43df-40ff-ab5b-2a318758273d,kg,,"', unspecified' dropped in 3.12",
ecospold_pesticides_product_mapping.properties,pesti_herbicides_tribenuron,"triazine-compound, unspecified",kg,proposed,triazine-compound,bab7524a-43df-40ff-ab5b-2a318758273d,kg,,"', unspecified' dropped in 3.12",
ecospold_pesticides_product_mapping.properties,pesti_herbicides_tribenuron_methyl,"triazine-compound, unspecified",kg,proposed,triazine-compound,bab7524a-43df-40ff-ab5b-2a318758273d,kg,,"', unspecified' dropped in 3.12",
ecospold_pesticides_product_mapping.properties,pesti_herbicides_trifluralin,dinitroaniline-compound,kg,ok,dinitroaniline-compound,788fbac7-89f4-4167-a410-72b7bf149d92,kg,,,
ecospold_pesticides_product_mapping.properties,pesti_herbicides_triclopyr,cyclic N-compound,kg,ok,cyclic N-compound,d006454e-161f-4b7f-ad8a-8892ee176041,kg,,,
ecospold_pesticides_product_mapping.properties,pesti_herbicides_triflusulfuron_methyl,"triazine-compound, unspecified",kg,proposed,triazine-compound,bab7524a-43df-40ff-ab5b-2a318758273d,kg,,"', unspecified' dropped in 3.12",
ecospold_pesticides_product_mapping.properties,pesti_herbicides_herbicide_unspecified,"pesticide, unspecified",kg,ok,"pesticide, unspecified",fb76d2b4-16bb-4373-bcdf-03545f362b83,kg,,,
ecospold_pesticides_product_mapping.properties,pesti_herbicides_other,"pesticide, unspecified",kg,ok,"pesticide, unspecified",fb76d2b4-16bb-4373-bcdf-03545f362b83,kg,,,
ecospold_pesticides_product_mapping.properties,pesti_fungicides_acibenzolar_s_methyl,benzo[thia]diazole-compound,kg,ok,benzo[thia]diazole-compound,6f07e082-b8cd-4a5f-a7e4-09592fb96d32,kg,,,
ecospold_pesticides_product_mapping.properties,pesti_fungicides_fosetyl_aluminium,"organophosphorus-compound, unspecified",kg,ok,"organophosphorus-compound, unspecified",0711bf2e-a106-404b-abab-7f42cf5ad3c4,kg,,,
ecospold_pesticides_product_mapping.properties,pesti_fungicides_anilazine,"triazine-compound, unspecified",kg,proposed,triazine-compound,bab7524a-43df-40ff-ab5b-2a318758273d,kg,,"', unspecified' dropped in 3.12",
ecospold_pesticides_product_mapping.properties,pesti_fungicides_azaconazol,cyclic N-compound,kg,ok,cyclic N-compound,d006454e-161f-4b7f-ad8a-8892ee176041,kg,,,
ecospold_pesticides_product_mapping.properties,pesti_fungicides_azoxystrobin,nitrile-compound,kg,ok,nitrile-compound,3ab1ad80-ee03-483d-8722-81c3c3c28bd3,kg,,,
ecospold_pesticides_product_mapping.properties,pesti_fungicides_benalaxyl,"acetamide-anillide-compound, unspecified",kg,ok,"acetamide-anillide-compound, unspecified",2487d46f-ca68-45fe-9baf-c8546908cef2,kg,,,
ecospold_pesticides_product_mapping.properties,pesti_fungicides_benomyl,benzimidazole-compound,kg,ok,benzimidazole-compound,f4470cb4-f0f6-43d0-9e03-52bec610169f,kg,,,
ecospold_pesticides_product_mapping.properties,pesti_fungicides_benthiavalicarb,[thio]carbamate-compound,kg,ok,[thio]carbamate-compound,1be4f7e4-5244-4f9d-b80d-7fbf1e337e2b,kg,,,
ecospold_pesticides_product_mapping.properties,pesti_fungicides_benthiavalicarb_isopropyl,[thio]carbamate-compound,kg,ok,[thio]carbamate-compound,1be4f7e4-5244-4f9d-b80d-7fbf1e337e2b,kg,,,
ecospold_pesticides_product_mapping.properties,pesti_fungicides_bitertanol,"triazine-compound, unspecified",kg,proposed,triazine-compound,bab7524a-43df-40ff-ab5b-2a318758273d,kg,,"', unspecified' dropped in 3.12",
ecospold_pesticides_product_mapping.properties,pesti_fungicides_boscalid,"acetamide-anillide-compound, unspecified",kg,ok,"acetamide-anillide-compound, unspecified",2487d46f-ca68-45fe-9baf-c8546908cef2,kg,,,
ecospold_pesticides_product_mapping.properties,pesti_fungicides_bupirimate,cyclic N-compound,kg,ok,cyclic N-compound,d006454e-161f-4b7f-ad8a-8892ee176041,kg,,,
ecospold_pesticides_product_mapping.properties,pesti_fungicides_calcium_cyanamide,nitrile-compound,kg,ok,nitrile-compound,3ab1ad80-ee03-483d-8722-81c3c3c28bd3,kg,,,
ecospold_pesticides_product_mapping.properties,pesti_fungicides_captan,captan,kg,ok,captan,20fb957d-e0aa-4ff7-9ac0-228e17b4a36a,kg,,,
ecospold_pesticides_product_mapping.properties,pesti_fungicides_carbendazim,benzimidazole-compound,kg,ok,benzimidazole-compound,f4470cb4-f0f6-43d0-9e03-52bec610169f,kg,,,
ecospold_pesticides_product_mapping.properties,pesti_fungicides_carboxin,"acetamide-anillide-compound, unspecified",kg,ok,"acetamide-anillide-compound, unspecified",2487d46f-ca68-45fe-9baf-c8546908cef2,kg,,,
ecospold_pesticides_product_mapping.properties,pesti_fungicides_chlorothalonil,chlorothalonil,kg,ok,chlorothalonil,ec7efa0f-95a5-419f-8446-bb26f42afb68,kg,,,
ecospold_pesticides_product_mapping.properties,pesti_fungicides_chlozolinate,cyclic N-compound,kg,ok,cyclic N-compound,d006454e-161f-4b7f-ad8a-8892ee176041,kg,,,
ecospold_pesticides_product_mapping.properties,pesti_fungicides_cyazofamid,nitrile-compound,kg,ok,nitrile-compound,3ab1ad80-ee03-483d-8722-81c3c3c28bd3,kg,,,
ecospold_pesticides_product_mapping.properties,pesti_fungicides_cymoxanil,[thio]carbamate-compound,kg,ok,[thio]carbamate-compound,1be4f7e4-5244-4f9d-b80d-7fbf1e337e2b,kg,,,
ecospold_pesticides_product_mapping.properties,pesti_fungicides_cyproconazole,cyclic N-compound,kg,ok,cyclic N-compound,d006454e-161f-4b7f-ad8a-8892ee176041,kg,,,
ecospold_pesticides_product_mapping.properties,pesti_fungicides_cyprodinil,nitrile-compound,kg,ok,nitrile-compound,3ab1ad80-ee03-483d-8722-81c3c3c28bd3,kg,,,
ecospold_pesticides_product_mapping.properties,pesti_fungicides_dazomet_dmtt,dithiocarbamate-compound,kg,ok,dithiocarbamate-compound,135a953b-2acb-4c85-9d1c-7a268b5750ff,kg,,,
ecospold_pesticides_product_mapping.properties,pesti_fungicides_dichlofluanid,"acetamide-anillide-compound, unspecified",kg,ok,"acetamide-anillide-compound, unspecified",2487d46f-ca68-45fe-9baf-c8546908cef2,kg,,,
ecospold_pesticides_product_mapping.properties,pesti_fungicides_diethofencarb,[thio]carbamate-compound,kg,ok,[thio]carbamate-compound,1be4f7e4-5244-4f9d-b80d-7fbf1e337e2b,kg,,,
ecospold_pesticides_product_mapping.properties,pesti_fungicides_difenoconazole,cyclic N-compound,kg,ok,cyclic N-compound,d006454e-161f-4b7f-ad8a-8892ee176041,kg,,,
ecospold_pesticides_product_mapping.properties,pesti_fungicides_dimethomorph,cyclic N-compound,kg,ok,cyclic N-compound,d006454e-161f-4b7f-ad8a-8892ee176041,kg,,,
ecospold_pesticides_product_mapping.properties,pesti_fungicides_dinocap,"pesticide, unspecified",kg,ok,"pesticide, unspecified",fb76d2b4-16bb-4373-bcdf-03545f362b83,kg,,,
ecospold_pesticides_product_mapping.properties,pesti_fungicides_dithianone,"pesticide, unspecified",kg,ok,"pesticide, unspecified",fb76d2b4-16bb-4373-bcdf-03545f362b83,kg,,,
ecospold_pesticides_product_mapping.properties,pesti_fungicides_dodemorph,cyclic N-compound,kg,ok,cyclic N-compound,d006454e-161f-4b7f-ad8a-8892ee176041,kg,,,
ecospold_pesticides_product_mapping.properties,pesti_fungicides_dodine,"pesticide, unspecified",kg,ok,"pesticide, unspecified",fb76d2b4-16bb-4373-bcdf-03545f362b83,kg,,,
ecospold_pesticides_product_mapping.properties,pesti_fungicides_epoxiconazole,cyclic N-compound,kg,ok,cyclic N-compound,d006454e-161f-4b7f-ad8a-8892ee176041,kg,,,
ecospold_pesticides_product_mapping.properties,pesti_fungicides_famoxadone,nitrile-compound,kg,ok,nitrile-compound,3ab1ad80-ee03-483d-8722-81c3c3c28bd3,kg,,,
ecospold_pesticides_product_mapping.properties,pesti_fungicides_fenamidone,"acetamide-anillide-compound, unspecified",kg,ok,"acetamide-anillide-compound, unspecified",2487d46f-ca68-45fe-9baf-c8546908cef2,kg,,,
ecospold_pesticides_product_mapping.properties,pesti_fungicides_fenbuconazole,cyclic N-compound,kg,ok,cyclic N-compound,d006454e-161f-4b7f-ad8a-8892ee176041,kg,,,
ecospold_pesticides_product_mapping.properties,pesti_fungicides_fenfuram,"acetamide-anillide-compound, unspecified",kg,ok,"acetamide-anillide-compound, unspecified",2487d46f-ca68-45fe-9baf-c8546908cef2,kg,,,
ecospold_pesticides_product_mapping.properties,pesti_fungicides_fenhexamid,"acetamide-anillide-compound, unspecified",kg,ok,"acetamide-anillide-compound, unspecified",2487d46f-ca68-45fe-9baf-c8546908cef2,kg,,,
ecospold_pesticides_product_mapping.properties,pesti_fungicides_fenpiclonil,nitrile-compound,kg,ok,nitrile-compound,3ab1ad80-ee03-483d-8722-81c3c3c28bd3,kg,,,
ecospold_pesticides_product_mapping.properties,pesti_fungicides_fenpropidin,cyclic N-compound,kg,ok,cyclic N-compound,d006454e-161f-4b7f-ad8a-8892ee176041,kg,,,
ecospold_pesticides_product_mapping.properties,pesti_fungicides_fenpropimorph,cyclic N-compound,kg,ok,cyclic N-compound,d006454e-161f-4b7f-ad8a-8892ee176041,kg,,,
ecospold_pesticides_product_mapping.properties,pesti_fungicides_fentin_acetate,"pesticide, unspecified",kg,ok,"pesticide, unspecified",fb76d2b4-16bb-4373-bcdf-03545f362b83,kg,,,
ecospold_pesticides_product_mapping.properties,pesti_fungicides_fentin_hydroxide,"pesticide, unspecified",kg,ok,"pesticide, unspecified",fb76d2b4-16bb-4373-bcdf-03545f362b83,kg,,,
ecospold_pesticides_product_mapping.properties,pesti_fungicides_fluazinam,dinitroaniline-compound,kg,ok,dinitroaniline-compound,788fbac7-89f4-4167-a410-72b7bf149d92,kg,,,
ecospold_pesticides_product_mapping.properties,pesti_fungicides_fludioxonil,nitrile-compound,kg,ok,nitrile-compound,3ab1ad80-ee03-483d-8722-81c3c3c28bd3,kg,,,
ecospold_pesticides_product_mapping.properties,pesti_fungicides_fluquinconazole,cyclic N-compound,kg,ok,cyclic N-compound,d006454e-161f-4b7f-ad8a-8892ee176041,kg,,,
ecospold_pesticides_product_mapping.properties,pesti_fungicides_flusilazole,cyclic N-compound,kg,ok,cyclic N-compound,d006454e-161f-4b7f-ad8a-8892ee176041,kg,,,
ecospold_pesticides_product_mapping.properties,pesti_fungicides_folpet,folpet,kg,ok,folpet,5a13a9b6-f11e-4e2f-b963-160045b95e6d,kg,,,
ecospold_pesticides_product_mapping.properties,pesti_fungicides_fosetyl,fosetyl-Al,kg,ok,fosetyl-Al,44278391-1519-465e-85ef-93fcb5773cb7,kg,,,
ecospold_pesticides_product_mapping.properties,pesti_fungicides_furalaxyl,"acetamide-anillide-compound, unspecified",kg,ok,"acetamide-anillide-compound, unspecified",2487d46f-ca68-45fe-9baf-c8546908cef2,kg,,,
ecospold_pesticides_product_mapping.properties,pesti_fungicides_guazatine,"pesticide, unspecified",kg,ok,"pesticide, unspecified",fb76d2b4-16bb-4373-bcdf-03545f362b83,kg,,,
ecospold_pesticides_product_mapping.properties,pesti_fungicides_hexaconazole,cyclic N-compound,kg,ok,cyclic N-compound,d006454e-161f-4b7f-ad8a-8892ee176041,kg,,,
ecospold_pesticides_product_mapping.properties,pesti_fungicides_hymexazol,cyclic N-compound,kg,ok,cyclic N-compound,d006454e-161f-4b7f-ad8a-8892ee176041,kg,,,
ecospold_pesticides_product_mapping.properties,pesti_fungicides_imazalil,cyclic N-compound,kg,ok,cyclic N-compound,d006454e-161f-4b7f-ad8a-8892ee176041,kg,,,
ecospold_pesticides_product_mapping.properties,pesti_fungicides_iprodione,cyclic N-compound,kg,ok,cyclic N-compound,d006454e-161f-4b7f-ad8a-8892ee176041,kg,,,
ecospold_pesticides_product_mapping.properties,pesti_fungicides_iprovalicarb,[thio]carbamate-compound,kg,ok,[thio]carbamate-compound,1be4f7e4-5244-4f9d-b80d-7fbf1e337e2b,kg,,,
ecospold_pesticides_product_mapping.properties,pesti_fungicides_kresoxim_methyl,"pesticide, unspecified",kg,ok,"pesticide, unspecified",fb76d2b4-16bb-4373-bcdf-03545f362b83,kg,,,
ecospold_pesticides_product_mapping.properties,pesti_fungicides_copper_cu,copper oxide,kg,ok,copper oxide,f1e0a8f1-aa97-4de6-a715-9c63acd1b6d4,kg,,,
ecospold_pesticides_product_mapping.properties,pesti_fungicides_mancozeb,mancozeb,kg,ok,mancozeb,0589d085-d626-4d8a-9282-6792572007d4,kg,,,
ecospold_pesticides_product_mapping.properties,pesti_fungicides_maneb,[thio]carbamate-compound,kg,ok,[thio]carbamate-compound,1be4f7e4-5244-4f9d-b80d-7fbf1e337e2b,kg,,,
ecospold_pesticides_product_mapping.properties,pesti_fungicides_mepanipyrim,"acetamide-anillide-compound, unspecified",kg,ok,"acetamide-anillide-compound, unspecified",2487d46f-ca68-45fe-9baf-c8546908cef2,kg,,,
ecospold_pesticides_product_mapping.properties,pesti_fungicides_mepronil,"acetamide-anillide-compound, unspecified",kg,ok,"acetamide-anillide-compound, unspecified",2487d46f-ca68-45fe-9baf-c8546908cef2,kg,,,
ecospold_pesticides_product_mapping.properties,pesti_fungicides_metalaxil,"acetamide-anillide-compound, unspecified",kg,ok,"acetamide-anillide-compound, unspecified",2487d46f-ca68-45fe-9baf-c8546908cef2,kg,,,
ecospold_pesticides_product_mapping.properties,pesti_fungicides_metconazole,cyclic N-compound,kg,ok,cyclic N-compound,d006454e-161f-4b7f-ad8a-8892ee176041,kg,,,
ecospold_pesticides_product_mapping.properties,pesti_fungicides_metiram,dithiocarbamate-compound,kg,ok,dithiocarbamate-compound,135a953b-2acb-4c85-9d1c-7a268b5750ff,kg,,,
ecospold_pesticides_product_mapping.properties,pesti_fungicides_myclobutanil,cyclic N-compound,kg,ok,cyclic N-compound,d006454e-161f-4b7f-ad8a-8892ee176041,kg,,,
ecospold_pesticides_product_mapping.properties,pesti_fungicides_nitrothal_isopropyl,"pesticide, unspecified",kg,ok,"pesticide, unspecified",fb76d2b4-16bb-4373-bcdf-03545f362b83,kg,,,
ecospold_pesticides_product_mapping.properties,pesti_fungicides_2_phenylphenol,"pesticide, unspecified",kg,ok,"pesticide, unspecified",fb76d2b4-16bb-4373-bcdf-03545f362b83,kg,,,
ecospold_pesticides_product_mapping.properties,pesti_fungicides_oxadixyl,"acetamide-anillide-compound, unspecified",kg,ok,"acetamide-anillide-compound, unspecified",2487d46f-ca68-45fe-9baf-c8546908cef2,kg,,,
ecospold_pesticides_product_mapping.properties,pesti_fungicides_oxychinolin,cyclic N-compound,kg,ok,cyclic N-compound,d006454e-161f-4b7f-ad8a-8892ee176041,kg,,,
ecospold_pesticides_product_mapping.properties,pesti_fungicides_penconazole,cyclic N-compound,kg,ok,cyclic N-compound,d006454e-161f-4b7f-ad8a-8892ee176041,kg,,,
ecospold_pesticides_product_mapping.properties,pesti_fungicides_pencycuron,[sulfonyl]urea-compound,kg,ok,[sulfonyl]urea-compound,4c2b1cc3-84e5-4e35-b74e-8815eadbc674,kg,,,
ecospold_pesticides_product_mapping.properties,pesti_fungicides_picoxystrobin,cyclic N-compound,kg,ok,cyclic N-compound,d006454e-161f-4b7f-ad8a-8892ee176041,kg,,,
ecospold_pesticides_product_mapping.properties,pesti_fungicides_prochloraz,cyclic N-compound,kg,ok,cyclic N-compound,d006454e-161f-4b7f-ad8a-8892ee176041,kg,,,
ecospold_pesticides_product_mapping.properties,pesti_fungicides_propamocarb,[thio]carbamate-compound,kg,ok,[thio]carbamate-compound,1be4f7e4-5244-4f9d-b80d-7fbf1e337e2b,kg,,,
ecospold_pesticides_product_mapping.properties,pesti_fungicides_propamocarb_hydrochloride,[thio]carbamate-compound,kg,ok,[thio]carbamate-compound,1be4f7e4-5244-4f9d-b80d-7fbf1e337e2b,kg,,,
ecospold_pesticides_product_mapping.properties,pesti_fungicides_propiconazole,cyclic N-compound,kg,ok,cyclic N-compound,d006454e-161f-4b7f-ad8a-8892ee176041,kg,,,
ecospold_pesticides_product_mapping.properties,pesti_fungicides_propineb,dithiocarbamate-compound,kg,ok,dithiocarbamate-compound,135a953b-2acb-4c85-9d1c-7a268b5750ff,kg,,,
ecospold_pesticides_product_mapping.properties,pesti_fungicides_proquinazid,cyclic N-compound,kg,ok,cyclic N-compound,d006454e-161f-4b7f-ad8a-8892ee176041,kg,,,
ecospold_pesticides_product_mapping.properties,pesti_fungicides_prothioconazol,cyclic N-compound,kg,ok,cyclic N-compound,d006454e-161f-4b7f-ad8a-8892ee176041,kg,,,
ecospold_pesticides_product_mapping.properties,pesti_fungicides_pyraclostrobin,[thio]carbamate-compound,kg,ok,[thio]carbamate-compound,1be4f7e4-5244-4f9d-b80d-7fbf1e337e2b,kg,,,
ecospold_pesticides_product_mapping.properties,pesti_fungicides_pyrazophos,"organophosphorus-compound, unspecified",kg,ok,"organophosphorus-compound, unspecified",0711bf2e-a106-404b-abab-7f42cf5ad3c4,kg,,,
ecospold_pesticides_product_mapping.properties,pesti_fungicides_pyrifenox,cyclic N-compound,kg,ok,cyclic N-compound,d006454e-161f-4b7f-ad8a-8892ee176041,kg,,,
ecospold_pesticides_product_mapping.properties,pesti_fungicides_pyrimethanil,"acetamide-anillide-compound, unspecified",kg,ok,"acetamide-anillide-compound, unspecified",2487d46f-ca68-45fe-9baf-c8546908cef2,kg,,,
ecospold_pesticides_product_mapping.properties,pesti_fungicides_quinoxyfen,cyclic N-compound,kg,ok,cyclic N-compound,d006454e-161f-4b7f-ad8a-8892ee176041,kg,,,
ecospold_pesticides_product_mapping.properties,pesti_fungicides_sulfur,sulfur,kg,ok,sulfur,fe8e025f-14c8-4abd-86df-1797ab26d3db,kg,,,
ecospold_pesticides_product_mapping.properties,pesti_fungicides_spiroxamine,"pesticide, unspecified",kg,ok,"pesticide, unspecified",fb76d2b4-16bb-4373-bcdf-03545f362b83,kg,,,
ecospold_pesticides_product_mapping.properties,pesti_fungicides_tebuconazole,cyclic N-compound,kg,ok,cyclic N-compound,d006454e-161f-4b7f-ad8a-8892ee176041,kg,,,
ecospold_pesticides_product_mapping.properties,pesti_fungicides_thiabendazole,cyclic N-compound,kg,ok,cyclic N-compound,d006454e-161f-4b7f-ad8a-8892ee176041,kg,,,
ecospold_pesticides_product_mapping.properties,pesti_fungicides_thiram_tmtd,dithiocarbamate-compound,kg,ok,dithiocarbamate-compound,135a953b-2acb-4c85-9d1c-7a268b5750ff,kg,,,
ecospold_pesticides_product_mapping.properties,pesti_fungicides_tolylfluanid,"pesticide, unspecified",kg,ok,"pesticide, unspecified",fb76d2b4-16bb-4373-bcdf-03545f362b83,kg,,,
ecospold_pesticides_product_mapping.properties,pesti_fungicides_triadimenol,phenoxy-compound,kg,ok,phenoxy-compound,9f2fdfd0-e173-47e9-812f-2bee762d9d39,kg,,,
ecospold_pesticides_product_mapping.properties,pesti_fungicides_tridemorph,cyclic N-compound,kg,ok,cyclic N-compound,d006454e-161f-4b7f-ad8a-8892ee176041,kg,,,
ecospold_pesticides_product_mapping.properties,pesti_fungicides_trifloxystrobin,"pesticide, unspecified",kg,ok,"pesticide, unspecified",fb76d2b4-16bb-4373-bcdf-03545f362b83,kg,,,
ecospold_pesticides_product_mapping.properties,pesti_fungicides_triflumizole,cyclic N-compound,kg,ok,cyclic N-compound,d006454e-161f-4b7f-ad8a-8892ee176041,kg,,,
ecospold_pesticides_product_mapping.properties,pesti_fungicides_triforine,cyclic N-compound,kg,ok,cyclic N-compound,d006454e-161f-4b7f-ad8a-8892ee176041,kg,,,
ecospold_pesticides_product_mapping.properties,pesti_fungicides_triticonazole,cyclic N-compound,kg,ok,cyclic N-compound,d006454e-161f-4b7f-ad8a-8892ee176041,kg,,,
ecospold_pesticides_product_mapping.properties,pesti_fungicides_vinclozolin,cyclic N-compound,kg,ok,cyclic N-compound,d006454e-161f-4b7f-ad8a-8892ee176041,kg,,,
ecospold_pesticides_product_mapping.properties,pesti_fungicides_zineb,dithiocarbamate-compound,kg,ok,dithiocarbamate-compound,135a953b-2acb-4c85-9d1c-7a268b5750ff,kg,,,
ecospold_pesticides_product_mapping.properties,pesti_fungicides_ziram,dithiocarbamate-compound,kg,ok,dithiocarbamate-compound,135a953b-2acb-4c85-9d1c-7a268b5750ff,kg,,,
ecospold_pesticides_product_mapping.properties,pesti_fungicides_zoxamide,"pesticide, unspecified",kg,ok,"pesticide, unspecified",fb76d2b4-16bb-4373-bcdf-03545f362b83,kg,,,
ecospold_pesticides_product_mapping.properties,pesti_fungicides_fungicide_unspecified,"pesticide, unspecified",kg,ok,"pesticide, unspecified",fb76d2b4-16bb-4373-bcdf-03545f362b83,kg,,,
ecospold_pesticides_product_mapping.properties,pesti_fungicides_other,"pesticide, unspecified",kg,ok,"pesticide, unspecified",fb76d2b4-16bb-4373-bcdf-03545f362b83,kg,,,
ecospold_pesticides_product_mapping.properties,pesti_insecticides_abamectin,"pesticide, unspecified",kg,ok,"pesticide, unspecified",fb76d2b4-16bb-4373-bcdf-03545f362b83,kg,,,
ecospold_pesticides_product_mapping.properties,pesti_insecticides_acephate,"organophosphorus-compound, unspecified",kg,ok,"organophosphorus-compound, unspecified",0711bf2e-a106-404b-abab-7f42cf5ad3c4,kg,,,
ecospold_pesticides_product_mapping.properties,pesti_insecticides_acetamiprid,cyclic N-compound,kg,ok,cyclic N-compound,d006454e-161f-4b7f-ad8a-8892ee176041,kg,,,
ecospold_pesticides_product_mapping.properties,pesti_insecticides_alanycarb,[thio]carbamate-compound,kg,ok,[thio]carbamate-compound,1be4f7e4-5244-4f9d-b80d-7fbf1e337e2b,kg,,,
ecospold_pesticides_product_mapping.properties,pesti_insecticides_aldicarb,[thio]carbamate-compound,kg,ok,[thio]carbamate-compound,1be4f7e4-5244-4f9d-b80d-7fbf1e337e2b,kg,,,
ecospold_pesticides_product_mapping.properties,pesti_insecticides_alpha_cypermethrin,pyrethroid-compound,kg,ok,pyrethroid-compound,2552d148-587a-4fcf-be94-991383a8160e,kg,,,
ecospold_pesticides_product_mapping.properties,pesti_insecticides_amitraz,"acetamide-anillide-compound, unspecified",kg,ok,"acetamide-anillide-compound, unspecified",2487d46f-ca68-45fe-9baf-c8546908cef2,kg,,,
ecospold_pesticides_product_mapping.properties,pesti_insecticides_azadirachtin_a,"pesticide, unspecified",kg,ok,"pesticide, unspecified",fb76d2b4-16bb-4373-bcdf-03545f362b83,kg,,,
ecospold_pesticides_product_mapping.properties,pesti_insecticides_azadirachtin_a+b,"pesticide, unspecified",kg,ok,"pesticide, unspecified",fb76d2b4-16bb-4373-bcdf-03545f362b83,kg,,,
ecospold_pesticides_product_mapping.properties,pesti_insecticides_azinphos_methyl,"organophosphorus-compound, unspecified",kg,ok,"organophosphorus-compound, unspecified",0711bf2e-a106-404b-abab-7f42cf5ad3c4,kg,,,
ecospold_pesticides_product_mapping.properties,pesti_insecticides_bensultap,"pesticide, unspecified",kg,ok,"pesticide, unspecified",fb76d2b4-16bb-4373-bcdf-03545f362b83,kg,,,
ecospold_pesticides_product_mapping.properties,pesti_insecticides_benzoximate,benzoic-compound,kg,ok,benzoic-compound,f143fd40-3f07-4233-83e4-94c102e7eaac,kg,,,
ecospold_pesticides_product_mapping.properties,pesti_insecticides_allethrin,pyrethroid-compound,kg,ok,pyrethroid-compound,2552d148-587a-4fcf-be94-991383a8160e,kg,,,
ecospold_pesticides_product_mapping.properties,pesti_insecticides_boric_acid,"boric acid, anhydrous, powder",kg,ok,"boric acid, anhydrous, powder",49b0e8ea-9fe2-4790-8532-91bdb99e161f,kg,,,
ecospold_pesticides_product_mapping.properties,pesti_insecticides_bromopropylate,"pesticide, unspecified",kg,ok,"pesticide, unspecified",fb76d2b4-16bb-4373-bcdf-03545f362b83,kg,,,
ecospold_pesticides_product_mapping.properties,pesti_insecticides_buprofezin,cyclic N-compound,kg,ok,cyclic N-compound,d006454e-161f-4b7f-ad8a-8892ee176041,kg,,,
ecospold_pesticides_product_mapping.properties,pesti_insecticides_butoxycarboxim,[thio]carbamate-compound,kg,ok,[thio]carbamate-compound,1be4f7e4-5244-4f9d-b80d-7fbf1e337e2b,kg,,,
ecospold_pesticides_product_mapping.properties,pesti_insecticides_carbofuran,[thio]carbamate-compound,kg,ok,[thio]carbamate-compound,1be4f7e4-5244-4f9d-b80d-7fbf1e337e2b,kg,,,
ecospold_pesticides_product_mapping.properties,pesti_insecticides_carbosulfan,[thio]carbamate-compound,kg,ok,[thio]carbamate-compound,1be4f7e4-5244-4f9d-b80d-7fbf1e337e2b,kg,,,
ecospold_pesticides_product_mapping.properties,pesti_insecticides_chlorfenvinphos,"organophosphorus-compound, unspecified",kg,ok,"organophosphorus-compound, unspecified",0711bf2e-a106-404b-abab-7f42cf5ad3c4,kg,,,
ecospold_pesticides_product_mapping.properties,pesti_insecticides_chlorpyrifos_methyl,"organophosphorus-compound, unspecified",kg,ok,"organophosphorus-compound, unspecified",0711bf2e-a106-404b-abab-7f42cf5ad3c4,kg,,,
ecospold_pesticides_product_mapping.properties,pesti_insecticides_clofentezine,cyclic N-compound,kg,ok,cyclic N-compound,d006454e-161f-4b7f-ad8a-8892ee176041,kg,,,
ecospold_pesticides_product_mapping.properties,pesti_insecticides_clothianidin,cyclic N-compound,kg,ok,cyclic N-compound,d006454e-161f-4b7f-ad8a-8892ee176041,kg,,,
ecospold_pesticides_product_mapping.properties,pesti_insecticides_cyfluthrin,pyrethroid-compound,kg,ok,pyrethroid-compound,2552d148-587a-4fcf-be94-991383a8160e,kg,,,
ecospold_pesticides_product_mapping.properties,pesti_insecticides_cyhalothrin,pyrethroid-compound,kg,ok,pyrethroid-compound,2552d148-587a-4fcf-be94-991383a8160e,kg,,,
ecospold_pesticides_product_mapping.properties,pesti_insecticides_cyhexatin,"pesticide, unspecified",kg,ok,"pesticide, unspecified",fb76d2b4-16bb-4373-bcdf-03545f362b83,kg,,,
ecospold_pesticides_product_mapping.properties,pesti_insecticides_cypermethrin_high_cis,pyrethroid-compound,kg,ok,pyrethroid-compound,2552d148-587a-4fcf-be94-991383a8160e,kg,,,
ecospold_pesticides_product_mapping.properties,pesti_insecticides_cyromazine,cyclic N-compound,kg,ok,cyclic N-compound,d006454e-161f-4b7f-ad8a-8892ee176041,kg,,,
ecospold_pesticides_product_mapping.properties,pesti_insecticides_demeton_s_methylsulfon,"organophosphorus-compound, unspecified",kg,ok,"organophosphorus-compound, unspecified",0711bf2e-a106-404b-abab-7f42cf5ad3c4,kg,,,
ecospold_pesticides_product_mapping.properties,pesti_insecticides_diafenthiuron,diphenylether-compound,kg,ok,diphenylether-compound,4855fa83-84d7-4138-8fde-27aa1bab3f42,kg,,,
ecospold_pesticides_product_mapping.properties,pesti_insecticides_dialifor,"organophosphorus-compound, unspecified",kg,ok,"organophosphorus-compound, unspecified",0711bf2e-a106-404b-abab-7f42cf5ad3c4,kg,,,
ecospold_pesticides_product_mapping.properties,pesti_insecticides_diazinon,"organophosphorus-compound, unspecified",kg,ok,"organophosphorus-compound, unspecified",0711bf2e-a106-404b-abab-7f42cf5ad3c4,kg,,,
ecospold_pesticides_product_mapping.properties,pesti_insecticides_dichlorvos_ddvp,"organophosphorus-compound, unspecified",kg,ok,"organophosphorus-compound, unspecified",0711bf2e-a106-404b-abab-7f42cf5ad3c4,kg,,,
ecospold_pesticides_product_mapping.properties,pesti_insecticides_dicofol,"pesticide, unspecified",kg,ok,"pesticide, unspecified",fb76d2b4-16bb-4373-bcdf-03545f362b83,kg,,,
ecospold_pesticides_product_mapping.properties,pesti_insecticides_dienochlor,"pesticide, unspecified",kg,ok,"pesticide, unspecified",fb76d2b4-16bb-4373-bcdf-03545f362b83,kg,,,
ecospold_pesticides_product_mapping.properties,pesti_insecticides_diflubenzuron,[sulfonyl]urea-compound,kg,ok,[sulfonyl]urea-compound,4c2b1cc3-84e5-4e35-b74e-8815eadbc674,kg,,,
ecospold_pesticides_product_mapping.properties,pesti_insecticides_dimethoate,"organophosphorus-compound, unspecified",kg,ok,"organophosphorus-compound, unspecified",0711bf2e-a106-404b-abab-7f42cf5ad3c4,kg,,,
ecospold_pesticides_product_mapping.properties,pesti_insecticides_dinitro_ortho_cresol_dnoc,nitro-compound,kg,ok,nitro-compound,d442b624-ea63-4d09-8440-28a41232989f,kg,,,
ecospold_pesticides_product_mapping.properties,pesti_insecticides_diofenolan,diphenylether-compound,kg,ok,diphenylether-compound,4855fa83-84d7-4138-8fde-27aa1bab3f42,kg,,,
ecospold_pesticides_product_mapping.properties,pesti_insecticides_endosulfan,"pesticide, unspecified",kg,ok,"pesticide, unspecified",fb76d2b4-16bb-4373-bcdf-03545f362b83,kg,,,
ecospold_pesticides_product_mapping.properties,pesti_insecticides_esfenvalerate,phenoxy-compound,kg,ok,phenoxy-compound,9f2fdfd0-e173-47e9-812f-2bee762d9d39,kg,,,
ecospold_pesticides_product_mapping.properties,pesti_insecticides_ethiofencarb,[thio]carbamate-compound,kg,ok,[thio]carbamate-compound,1be4f7e4-5244-4f9d-b80d-7fbf1e337e2b,kg,,,
ecospold_pesticides_product_mapping.properties,pesti_insecticides_etoxazole,cyclic N-compound,kg,ok,cyclic N-compound,d006454e-161f-4b7f-ad8a-8892ee176041,kg,,,
ecospold_pesticides_product_mapping.properties,pesti_insecticides_fenazaquin,cyclic N-compound,kg,ok,cyclic N-compound,d006454e-161f-4b7f-ad8a-8892ee176041,kg,,,
ecospold_pesticides_product_mapping.properties,pesti_insecticides_fenbutatin_oxide,"pesticide, unspecified",kg,ok,"pesticide, unspecified",fb76d2b4-16bb-4373-bcdf-03545f362b83,kg,,,
ecospold_pesticides_product_mapping.properties,pesti_insecticides_fenitrothion,"organophosphorus-compound, unspecified",kg,ok,"organophosphorus-compound, unspecified",0711bf2e-a106-404b-abab-7f42cf5ad3c4,kg,,,
ecospold_pesticides_product_mapping.properties,pesti_insecticides_fenoxycarb,diphenylether-compound,kg,ok,diphenylether-compound,4855fa83-84d7-4138-8fde-27aa1bab3f42,kg,,,
ecospold_pesticides_product_mapping.properties,pesti_insecticides_fenpyroximate,cyclic N-compound,kg,ok,cyclic N-compound,d006454e-161f-4b7f-ad8a-8892ee176041,kg,,,
ecospold_pesticides_product_mapping.properties,pesti_insecticides_fipronil,nitrile-compound,kg,ok,nitrile-compound,3ab1ad80-ee03-483d-8722-81c3c3c28bd3,kg,,,
ecospold_pesticides_product_mapping.properties,pesti_insecticides_fonofos,"organophosphorus-compound, unspecified",kg,ok,"organophosphorus-compound, unspecified",0711bf2e-a106-404b-abab-7f42cf5ad3c4,kg,,,
ecospold_pesticides_product_mapping.properties,pesti_insecticides_furathiocarb,[thio]carbamate-compound,kg,ok,[thio]carbamate-compound,1be4f7e4-5244-4f9d-b80d-7fbf1e337e2b,kg,,,
ecospold_pesticides_product_mapping.properties,pesti_insecticides_heptenophos,"organophosphorus-compound, unspecified",kg,ok,"organophosphorus-compound, unspecified",0711bf2e-a106-404b-abab-7f42cf5ad3c4,kg,,,
ecospold_pesticides_product_mapping.properties,pesti_insecticides_hexaflumuron,[sulfonyl]urea-compound,kg,ok,[sulfonyl]urea-compound,4c2b1cc3-84e5-4e35-b74e-8815eadbc674,kg,,,
ecospold_pesticides_product_mapping.properties,pesti_insecticides_hexythiazox,cyclic N-compound,kg,ok,cyclic N-compound,d006454e-161f-4b7f-ad8a-8892ee176041,kg,,,
ecospold_pesticides_product_mapping.properties,pesti_insecticides_imidacloprid,cyclic N-compound,kg,ok,cyclic N-compound,d006454e-161f-4b7f-ad8a-8892ee176041,kg,,,
ecospold_pesticides_product_mapping.properties,pesti_insecticides_indoxacarb,cyclic N-compound,kg,ok,cyclic N-compound,d006454e-161f-4b7f-ad8a-8892ee176041,kg,,,
ecospold_pesticides_product_mapping.properties,pesti_insecticides_lufenuron,[sulfonyl]urea-compound,kg,ok,[sulfonyl]urea-compound,4c2b1cc3-84e5-4e35-b74e-8815eadbc674,kg,,,
ecospold_pesticides_product_mapping.properties,pesti_insecticides_magnesium_phosphide,"pesticide, unspecified",kg,ok,"pesticide, unspecified",fb76d2b4-16bb-4373-bcdf-03545f362b83,kg,,,
ecospold_pesticides_product_mapping.properties,pesti_insecticides_metaldehyde,metaldehyde,kg,ok,metaldehyde,634aa463-5085-4064-9e0c-a3fedcacedb8,kg,,,
ecospold_pesticides_product_mapping.properties,pesti_insecticides_methidathion,"organophosphorus-compound, unspecified",kg,ok,"organophosphorus-compound, unspecified",0711bf2e-a106-404b-abab-7f42cf5ad3c4,kg,,,
ecospold_pesticides_product_mapping.properties,pesti_insecticides_methiocarb_mercaptodimethur,[thio]carbamate-compound,kg,ok,[thio]carbamate-compound,1be4f7e4-5244-4f9d-b80d-7fbf1e337e2b,kg,,,
ecospold_pesticides_product_mapping.properties,pesti_insecticides_methomyl,[thio]carbamate-compound,kg,ok,[thio]carbamate-compound,1be4f7e4-5244-4f9d-b80d-7fbf1e337e2b,kg,,,
ecospold_pesticides_product_mapping.properties,pesti_insecticides_methoprene,"pesticide, unspecified",kg,ok,"pesticide, unspecified",fb76d2b4-16bb-4373-bcdf-03545f362b83,kg,,,
ecospold_pesticides_product_mapping.properties,pesti_insecticides_methoxyfenozide,"pesticide, unspecified",kg,ok,"pesticide, unspecified",fb76d2b4-16bb-4373-bcdf-03545f362b83,kg,,,
ecospold_pesticides_product_mapping.properties,pesti_insecticides_mevinfos,"organophosphorus-compound, unspecified",kg,ok,"organophosphorus-compound, unspecified",0711bf2e-a106-404b-abab-7f42cf5ad3c4,kg,,,
ecospold_pesticides_product_mapping.properties,pesti_insecticides_sodium_fluorosilicate,"pesticide, unspecified",kg,ok,"pesticide, unspecified",fb76d2b4-16bb-4373-bcdf-03545f362b83,kg,,,
ecospold_pesticides_product_mapping.properties,pesti_insecticides_novaluron,[sulfonyl]urea-compound,kg,ok,[sulfonyl]urea-compound,4c2b1cc3-84e5-4e35-b74e-8815eadbc674,kg,,,
ecospold_pesticides_product_mapping.properties,pesti_insecticides_octanoic_acid,"pesticide, unspecified",kg,ok,"pesticide, unspecified",fb76d2b4-16bb-4373-bcdf-03545f362b83,kg,,,
ecospold_pesticides_product_mapping.properties,pesti_insecticides_oxamyl,[thio]carbamate-compound,kg,ok,[thio]carbamate-compound,1be4f7e4-5244-4f9d-b80d-7fbf1e337e2b,kg,,,
ecospold_pesticides_product_mapping.properties,pesti_insecticides_p_tert_amylphenol,"pesticide, unspecified",kg,ok,"pesticide, unspecified",fb76d2b4-16bb-4373-bcdf-03545f362b83,kg,,,
ecospold_pesticides_product_mapping.properties,pesti_insecticides_parathion_methyl,"organophosphorus-compound, unspecified",kg,ok,"organophosphorus-compound, unspecified",0711bf2e-a106-404b-abab-7f42cf5ad3c4,kg,,,
ecospold_pesticides_product_mapping.properties,pesti_insecticides_permethrin,diphenylether-compound,kg,ok,diphenylether-compound,4855fa83-84d7-4138-8fde-27aa1bab3f42,kg,,,
ecospold_pesticides_product_mapping.properties,pesti_insecticides_phosalone,"organophosphorus-compound, unspecified",kg,ok,"organophosphorus-compound, unspecified",0711bf2e-a106-404b-abab-7f42cf5ad3c4,kg,,,
ecospold_pesticides_product_mapping.properties,pesti_insecticides_phosmet,"organophosphorus-compound, unspecified",kg,ok,"organophosphorus-compound, unspecified",0711bf2e-a106-404b-abab-7f42cf5ad3c4,kg,,,
ecospold_pesticides_product_mapping.properties,pesti_insecticides_pirimiphos_methyl,"organophosphorus-compound, unspecified",kg,ok,"organophosphorus-compound, unspecified",0711bf2e-a106-404b-abab-7f42cf5ad3c4,kg,,,
ecospold_pesticides_product_mapping.properties,pesti_insecticides_potassium_soap,"pesticide, unspecified",kg,ok,"pesticide, unspecified",fb76d2b4-16bb-4373-bcdf-03545f362b83,kg,,,
ecospold_pesticides_product_mapping.properties,pesti_insecticides_profenofos,"organophosphorus-compound, unspecified",kg,ok,"organophosphorus-compound, unspecified",0711bf2e-a106-404b-abab-7f42cf5ad3c4,kg,,,
ecospold_pesticides_product_mapping.properties,pesti_insecticides_pymetrozine,"triazine-compound, unspecified",kg,proposed,triazine-compound,bab7524a-43df-40ff-ab5b-2a318758273d,kg,,"', unspecified' dropped in 3.12",
ecospold_pesticides_product_mapping.properties,pesti_insecticides_pyrethrine,"pesticide, unspecified",kg,ok,"pesticide, unspecified",fb76d2b4-16bb-4373-bcdf-03545f362b83,kg,,,
ecospold_pesticides_product_mapping.properties,pesti_insecticides_pyrethrum,"pesticide, unspecified",kg,ok,"pesticide, unspecified",fb76d2b4-16bb-4373-bcdf-03545f362b83,kg,,,
ecospold_pesticides_product_mapping.properties,pesti_insecticides_rotenone,"pesticide, unspecified",kg,ok,"pesticide, unspecified",fb76d2b4-16bb-4373-bcdf-03545f362b83,kg,,,
ecospold_pesticides_product_mapping.properties,pesti_insecticides_spinosad,"pesticide, unspecified",kg,ok,"pesticide, unspecified",fb76d2b4-16bb-4373-bcdf-03545f362b83,kg,,,
ecospold_pesticides_product_mapping.properties,pesti_insecticides_spirodiclofen,"pesticide, unspecified",kg,ok,"pesticide, unspecified",fb76d2b4-16bb-4373-bcdf-03545f362b83,kg,,,
ecospold_pesticides_product_mapping.properties,pesti_insecticides_sulfotep,"organophosphorus-compound, unspecified",kg,ok,"organophosphorus-compound, unspecified",0711bf2e-a106-404b-abab-7f42cf5ad3c4,kg,,,
ecospold_pesticides_product_mapping.properties,pesti_insecticides_tebufenozide,"pesticide, unspecified",kg,ok,"pesticide, unspecified",fb76d2b4-16bb-4373-bcdf-03545f362b83,kg,,,
ecospold_pesticides_product_mapping.properties,pesti_insecticides_tebufenpyrad,cyclic N-compound,kg,ok,cyclic N-compound,d006454e-161f-4b7f-ad8a-8892ee176041,kg,,,
ecospold_pesticides_product_mapping.properties,pesti_insecticides_rabon,"organophosphorus-compound, unspecified",kg,ok,"organophosphorus-compound, unspecified",0711bf2e-a106-404b-abab-7f42cf5ad3c4,kg,,,
ecospold_pesticides_product_mapping.properties,pesti_insecticides_thiacloprid,nitrile-compound,kg,ok,nitrile-compound,3ab1ad80-ee03-483d-8722-81c3c3c28bd3,kg,,,
ecospold_pesticides_product_mapping.properties,pesti_insecticides_thiamethoxam,cyclic N-compound,kg,ok,cyclic N-compound,d006454e-161f-4b7f-ad8a-8892ee176041,kg,,,
ecospold_pesticides_product_mapping.properties,pesti_insecticides_thiocyclam,"acetamide-anillide-compound, unspecified",kg,ok,"acetamide-anillide-compound, unspecified",2487d46f-ca68-45fe-9baf-c8546908cef2,kg,,,
ecospold_pesticides_product_mapping.properties,pesti_insecticides_thiophanate_methyl,[thio]carbamate-compound,kg,ok,[thio]carbamate-compound,1be4f7e4-5244-4f9d-b80d-7fbf1e337e2b,kg,,,
ecospold_pesticides_product_mapping.properties,pesti_insecticides_triazamate,cyclic N-compound,kg,ok,cyclic N-compound,d006454e-161f-4b7f-ad8a-8892ee176041,kg,,,
ecospold_pesticides_product_mapping.properties,pesti_insecticides_trichlorfon,"organophosphorus-compound, unspecified",kg,ok,"organophosphorus-compound, unspecified",0711bf2e-a106-404b-abab-7f42cf5ad3c4,kg,,,
ecospold_pesticides_product_mapping.properties,pesti_insecticides_triflumuron,[sulfonyl]urea-compound,kg,ok,[sulfonyl]urea-compound,4c2b1cc3-84e5-4e35-b74e-8815eadbc674,kg,,,
ecospold_pesticides_product_mapping.properties,pesti_insecticides_vamidothion,"organophosphorus-compound, unspecified",kg,ok,"organophosphorus-compound, unspecified",0711bf2e-a106-404b-abab-7f42cf5ad3c4,kg,,,
ecospold_pesticides_product_mapping.properties,pesti_insecticides_zeta_cypermethrin,diphenylether-compound,kg,ok,diphenylether-compound,4855fa83-84d7-4138-8fde-27aa1bab3f42,kg,,,
ecospold_pesticides_product_mapping.properties,pesti_insecticides_bifenthrin,pyrethroid-compound,kg,ok,pyrethroid-compound,2552d148-587a-4fcf-be94-991383a8160e,kg,,,
ecospold_pesticides_product_mapping.properties,pesti_insecticides_chlorpyrifos,"organophosphorus-compound, unspecified",kg,ok,"organophosphorus-compound, unspecified",0711bf2e-a106-404b-abab-7f42cf5ad3c4,kg,,,
ecospold_pesticides_product_mapping.properties,pesti_insecticides_cypermethrin,pyrethroid-compound,kg,ok,pyrethroid-compound,2552d148-587a-4fcf-be94-991383a8160e,kg,,,
ecospold_pesticides_product_mapping.properties,pesti_insecticides_deltamethrin,pyrethroid-compound,kg,ok,pyrethroid-compound,2552d148-587a-4fcf-be94-991383a8160e,kg,,,
ecospold_pesticides_product_mapping.properties,pesti_insecticides_lambda_cyhalothrin,pyrethroid-compound,kg,ok,pyrethroid-compound,2552d148-587a-4fcf-be94-991383a8160e,kg,,,
ecospold_pesticides_product_mapping.properties,pesti_insecticides_pirimicarb,[thio]carbamate-compound,kg,ok,[thio]carbamate-compound,1be4f7e4-5244-4f9d-b80d-7fbf1e337e2b,kg,,,
ecospold_pesticides_product_mapping.properties,pesti_insecticides_teflubenzuron,[sulfonyl]urea-compound,kg,ok,[sulfonyl]urea-compound,4c2b1cc3-84e5-4e35-b74e-8815eadbc674,kg,,,
ecospold_pesticides_product_mapping.properties,pesti_insecticides_terbufos,"organophosphorus-compound, unspecified",kg,ok,"organophosphorus-compound, unspecified",0711bf2e-a106-404b-abab-7f42cf5ad3c4,kg,,,
ecospold_pesticides_product_mapping.properties,pesti_insecticides_insecticide_unspecified,"pesticide, unspecified",kg,ok,"pesticide, unspecified",fb76d2b4-16bb-4373-bcdf-03545f362b83,kg,,,
ecospold_pesticides_product_mapping.properties,pesti_insecticides_other,"pesticide, unspecified",kg,ok,"pesticide, unspecified",fb76d2b4-16bb-4373-bcdf-03545f362b83,kg,,,
